s,153457
ly,23204
ing,12349
ed,12065
ness,7053
ally,2870
ism,2750
ers,2201
ists,1744
ist,1730
ity,1157
al,1140
ian,920
ment,830
ship,780
ized,742
ville,699
able,519
less,501
ization,491
ised,469
izing,468
land,458
ary,454
esque,437
ize,436
shire,406
ful,373
isation,323
ton,307
istic,300
like,284
ors,231
ising,208
ities,207
ive,205
men,182
ial,174
board,159
town,156
work,152
ites,151
house,138
ability,136
based,108
hood,104
fold,100
strasse,97
weight,97
stone,93
dom,91
istan,91
speed,88
bird,86
ologists,86
ivity,86
sburg,84
ugh,83
watch,83
grad,82
ionists,82
ise,80
ionist,79
ances,79
seed,78
ionism,76
sport,75
computers,74
proof,74
tax,72
world,72
computer,70
some,70
market,69
markets,69
growth,67
stock,67
nesses,65
fund,64
related,64
water,64
iest,64
ance,63
that,63
for,62
eers,62
fest,61
eering,61
group,60
media,60
woman,60
arium,60
of,58
eer,58
aries,57
ately,57
backs,57
sand,57
soft,57
cautious,56
ovs,56
systems,56
ware,55
channel,54
lending,54
ible,54
sensitive,53
services,52
manship,52
ernmost,52
feed,51
fly,51
trading,51
charged,50
foods,50
processing,50
ways,50
boy,49
horn,49
saver,49
tip,49
erners,49
backed,48
top,48
iste,48
foot,47
management,47
phone,47
platz,47
taking,47
pings,46
tek,45
bug,44
charge,44
stations,44
step,44
owicz,43
states,42
ganj,41
glass,41
vision,41
block,40
center,40
boxes,39
dome,39
trade,39
view,39
wise,39
wood,39
izers,39
abundance,38
aires,38
extended,38
fish,38
flood,38
jima,38
language,38
ledge,38
problems,38
protective,38
steering,38
thrust,38
hamshire,38
sdrop,38
achievers,37
blade,37
blades,37
boro,37
care,37
component,37
conductive,37
dale,37
delegates,37
ethnic,37
fibre,37
forward,37
istana,37
large,37
movement,37
nationalism,37
phonics,37
powers,37
producer,37
rules,37
sensitivity,37
skirt,37
stimulated,37
year,37
iness,37
sweek,37
gburg,37
neftegaz,37
bids,36
cooled,36
efficient,36
headed,36
painting,36
processor,36
project,36
quest,36
scientific,36
stretch,36
cyzk,36
activation,35
balanced,35
balances,35
blast,35
body,35
build,35
cops,35
geld,35
guard,35
inflated,35
inflationary,35
manage,35
quakes,35
scheid,35
sector,35
trust,35
sbridge,35
vores,35
agency,34
blown,34
botham,34
bowl,34
brokers,34
burns,34
charging,34
comes,34
cool,34
developed,34
draw,34
inflation,34
insurance,34
marche,34
model,34
pads,34
painted,34
productive,34
spent,34
statement,34
valued,34
iade,34
omics,34
agents,33
balance,33
box,33
drive,33
finder,33
heated,33
heath,33
linked,33
logging,33
managed,33
muir,33
neck,33
power,33
producing,33
programmed,33
shoot,33
tower,33
tropical,33
ualized,33
banking,32
chip,32
economic,32
funk,32
hull,32
link,32
listed,32
party,32
piece,32
sthe,32
bayashi,32
activity,31
chloride,31
direct,31
fontein,31
fronts,31
hunting,31
lowe,31
maids,31
parts,31
persons,31
politan,31
safe,31
sats,31
stating,31
street,31
stroke,31
thur,31
wave,31
wide,31
etics,31
speople,31
itans,31
america,30
bands,30
code,30
covers,30
ese,30
hawks,30
holdings,30
john,30
play,30
gmen,30
itian,30
bound,29
call,29
class,29
cultural,29
name,29
sonic,29
winds,29
ablity,29
rul,29
oids,29
berries,28
book,28
breaker,28
busch,28
electric,28
fumi,28
science,28
taka,28
scopic,28
ualism,28
scapes,28
bars,27
dot,27
full,27
hands,27
nail,27
search,27
shares,27
therapy,27
werke,27
wheel,27
worms,27
yasu,27
uates,27
liness,27
atum,27
ettes,27
ezza,27
czyk,27
check,26
hawk,26
hof,26
leaf,26
mnet,26
nagar,26
scopes,26
vison,26
dog,25
posts,25
price,25
station,25
weed,25
writers,25
writing,25
cessing,25
niks,25
color,24
copy,24
culture,24
fine,24
girl,24
story,24
system,24
mente,24
ivism,24
kazu,24
gness,24
awed,23
banc,23
bid,23
bourne,23
casting,23
ions,23
load,23
sip,23
store,23
ward,23
yards,23
ionals,23
ably,22
cover,22
fon,22
head,22
part,22
pipe,22
smith,22
suit,22
wire,22
ily,22
cars,21
grass,21
ground,21
laying,21
mill,21
zadeh,21
alizes,21
goers,20
holders,20
mobile,20
sby,20
absorbent,19
abundant,19
accentuate,19
accusations,19
advisers,19
alertness,19
allotment,19
allotments,19
ambition,19
amendment,19
amplified,19
analyzed,19
answers,19
anxious,19
apologist,19
arguments,19
arms,19
astoria,19
atlanta,19
attacked,19
attacking,19
attacks,19
ayerst,19
bache,19
backings,19
bags,19
barreled,19
barrelled,19
battery,19
beads,19
bega,19
beings,19
beteiligungsgesellschaft,19
bidders,19
billings,19
billionaire,19
billiondollar,19
billions,19
bloated,19
blocs,19
blouses,19
bluffing,19
boles,19
booster,19
borrow,19
braten,19
breweries,19
brigades,19
brokerage,19
brokerages,19
brokering,19
browsing,19
buckets,19
burn,19
calender,19
candidate,19
candidates,19
capacities,19
carbamazine,19
carlyle,19
centralism,19
cigs,19
circuitry,19
circuits,19
clap,19
claps,19
clockwise,19
cobra,19
coiffed,19
collider,19
colliding,19
colourist,19
colourists,19
column,19
commercialization,19
compensates,19
compensating,19
concentrates,19
conduction,19
conferees,19
confessions,19
conspiracy,19
consumer,19
consumerism,19
controller,19
controllers,19
copiers,19
copies,19
cosmic,19
cosmos,19
counterintelligence,19
criticism,19
crowd,19
crowding,19
currant,19
damp,19
danner,19
delegate,19
delegator,19
demonstration,19
demonstrators,19
detection,19
detector,19
developers,19
diamonds,19
dibromide,19
directionally,19
diversify,19
dosed,19
drafters,19
dubs,19
dwelling,19
eagerness,19
earthquakes,19
economist,19
electronique,19
emphasis,19
emphasised,19
emphasizes,19
employer,19
encapsulated,19
encapsulation,19
engravers,19
enthoven,19
environment,19
ephedrine,19
espionage,19
excitability,19
exercise,19
exerting,19
exertion,19
exerts,19
expand,19
expanded,19
explain,19
explanation,19
exploiting,19
explorer,19
expose,19
exposing,19
exposure,19
exposures,19
extending,19
exuberance,19
exuberant,19
faceted,19
farming,19
fatality,19
fatten,19
feiter,19
filming,19
fischer,19
floater,19
flow,19
flowed,19
flowing,19
fortified,19
foward,19
freighters,19
frugal,19
garner,19
gears,19
gedge,19
general,19
generalization,19
genesys,19
giant,19
gladbach,19
gravity,19
graze,19
grazed,19
grazing,19
guerrilla,19
gunships,19
gyms,19
handing,19
hangs,19
harvest,19
hauler,19
healing,19
heavyweight,19
heroine,19
highway,19
highways,19
hiker,19
hints,19
holstein,19
homans,19
hype,19
hyped,19
imposes,19
incidents,19
inclusive,19
indebtedness,19
indulged,19
indulgent,19
indulges,19
inflating,19
infusion,19
insee,19
insistent,19
instrument,19
insurgency,19
insurgent,19
intendant,19
intending,19
intuitive,19
istc,19
janet,19
jobber,19
journalism,19
journalist,19
journalists,19
jurisdictional,19
kegs,19
kernel,19
kleit,19
kravis,19
kreis,19
kurilsk,19
kyubin,19
lancaster,19
leamington,19
leble,19
legislation,19
leith,19
levine,19
liberalism,19
liftings,19
lightweight,19
lilies,19
literal,19
lithographic,19
loans,19
lopez,19
lozano,19
lyor,19
machining,19
macrophage,19
mails,19
majority,19
makets,19
malled,19
mediator,19
melons,19
mercados,19
merchant,19
meteorites,19
meteoroid,19
micro,19
microcomputer,19
microcomputers,19
mileage,19
millionaires,19
millionare,19
minicomputer,19
minicomputers,19
monas,19
monetarism,19
montage,19
montages,19
months,19
murthy,19
myeni,19
nanhai,19
narayan,19
narcotic,19
national,19
naturals,19
nazar,19
needles,19
nomads,19
nutrient,19
nutrients,19
observatory,19
offensives,19
optimism,19
optimistic,19
organism,19
outside,19
oxygenation,19
packard,19
paks,19
palate,19
penalized,19
phenix,19
picture,19
pitch,19
pittsburgh,19
platinum,19
pocus,19
policing,19
preach,19
predators,19
pregnancy,19
premium,19
preparers,19
prescribed,19
pressures,19
pretzel,19
problem,19
processer,19
processers,19
promoted,19
proposal,19
proposals,19
protect,19
protecting,19
protection,19
protest,19
protestors,19
protests,19
province,19
puffs,19
puncher,19
punching,19
putri,19
quadras,19
quaking,19
quarries,19
quietly,19
rabies,19
rao,19
react,19
reactions,19
receptor,19
reconnaissance,19
refractive,19
regionals,19
reise,19
remained,19
resistant,19
retaliations,19
revolt,19
revolution,19
revolutionaries,19
robots,19
saal,19
salesman,19
sanctions,19
secretive,19
sectioned,19
sedated,19
seethe,19
sensitizing,19
sexed,19
short,19
shorted,19
siegfried,19
simplification,19
simplifications,19
simplified,19
simplify,19
simplifying,19
skelter,19
sleeping,19
slept,19
slowed,19
snooping,19
societal,19
souks,19
sparc,19
specification,19
spills,19
spindle,19
sponge,19
spout,19
sssssss,19
stardom,19
state,19
statuary,19
stayers,19
staying,19
stewards,19
stranded,19
stricken,19
strictly,19
stultified,19
stylized,19
subscriptions,19
suggests,19
sunk,19
surveillance,19
swamped,19
swarm,19
swart,19
switches,19
syllable,19
syndicate,19
synthesis,19
tappers,19
tasking,19
taxation,19
tendering,19
terror,19
texaco,19
textured,19
threw,19
throws,19
thud,19
toper,19
tramp,19
trams,19
tritt,19
turtle,19
turtles,19
typhoon,19
urch,19
vendors,19
ventilate,19
ventilates,19
ventilating,19
ventilation,19
ventilators,19
viking,19
vodka,19
warhead,19
wavable,19
waved,19
weapons,19
weightings,19
welder,19
whatnot,19
whose,19
withdrawals,19
wrought,19
your,19
zabala,19
zealous,19
zealously,19
zinn,19
ingmy,19
aince,19
anceships,19
ivist,19
urousness,19
ativeaction,19
istgan,19
nerdom,19
ndoga,19
nizatsia,19
ndriantsimitoviaminandriampanjaka,19
edperhaps,19
dhapur,19
dhapura,19
lydo,19
itativeness,19
itiarian,19
ityon,19
izfes,19
aderreen,19
niding,19
nschmaus,19
ishly,19
sille,19
sholding,19
sverwaltungs,19
aceutics,19
poool,19
sploitation,19
erbanken,19
takng,19
twis,19
aell,19
sphones,19
nneurs,19
lysuggests,19
eforashley,19
izered,19
naylike,19
ughponds,19
banje,19
anthopoulos,19
ianthia,19
otophillis,19
tchuch,19
tendom,19
tiahristian,19
tianburg,19
tiania,19
tianise,19
tianity,19
tianization,19
tianize,19
tianized,19
tiansburg,19
tianson,19
tiansted,19
tianty,19
tinaki,19
tmases,19
tmassy,19
tmastime,19
tmasy,19
todoulakis,19
todoulos,19
todoulou,19
tofias,19
tofides,19
toforos,19
tophe,19
tophers,19
tophersen,19
topherson,19
topherssen,19
tophii,19
tosoth,19
tstollen,19
camata,19
illiaan,19
illianism,19
tesoor,19
housses,19
salthough,19
ersm,19
amientos,19
abely,19
attck,19
feiters,19
abungas,19
lographer,19
lanhfield,19
nauld,19
xlatta,19
loslovakia,19
olsovak,19
osklovaks,19
oslavak,19
oslavakia,19
oslavaks,19
oslokia,19
oslovakian,19
oslovakians,19
oslovaks,19
oslovenia,19
oslovkia,19
oslvakia,19
osolovakia,19
osovak,19
ovslovak,19
antonakis,19
anling,19
ednal,19
landhalle,19
landlied,19
mentrime,19
stilbestrol,19
edcavation,19
odzerzhinsk,19
opertrovsk,19
opetrovsk,19
tsccording,19
enwares,19
qake,19
sdropped,19
sdroppers,19
iastes,19
iastical,19
omeri,19
enhochzeit,19
eeowned,19
eesand,19
azadas,19
olamines,19
thiourea,19
ilzation,19
stonehaughs,19
ehaughs,19
werger,19
gbefore,19
lstain,19
edalmost,19
osate,19
sposten,19
breakings,19
skeepers,19
svern,19
cockian,19
nsthal,19
dobler,19
pallana,19
gdonshire,19
gtower,19
esontown,19
calcemia,19
cholesterolemia,19
eosinophilic,19
lipemia,19
thoidism,19
uicemia,19
hakkioglu,19
ierent,19
alinvestor,19
srather,19
ccihuatl,19
paluca,19
menwai,19
funen,19
sabai,19
energo,19
aoua,19
shulme,19
stourport,19
wolterich,19
kaduwa,19
sbrueck,19
swusterhausen,19
zialbank,19
sationsstuck,19
sstuck,19
itief,19
sshimmering,19
ndijke,19
kowskis,19
swho,19
oviches,19
enink,19
yddisclosure,19
rsgracht,19
eonette,19
eonettes,19
orszag,19
nroehren,19
enedianiline,19
dianiline,19
enedioxymethamphetamine,19
dioxymethamphetamine,19
glyoxal,19
phenidate,19
prednisolone,19
ititan,19
beerian,19
cosm,19
electronica,19
fiche,19
filaria,19
filariae,19
fluidizer,19
lithics,19
meteoroids,19
particulated,19
particulation,19
phoretic,19
plitis,19
vitec,19
yczyk,19
pprograms,19
eldean,19
elhill,19
ellabout,19
elldean,19
phasics,19
pleuser,19
plexer,19
plexers,19
riacial,19
vibrator,19
geleen,19
ysboro,19
sistically,19
sulm,19
egein,19
enhuyzen,19
ivick,19
lythere,19
yashiin,19
homafor,19
flox,19
smaeklarna,19
edgilts,19
bearingly,19
broked,19
crowind,19
floweth,19
flwed,19
hwelming,19
hwelmingly,19
ndowt,19
nmight,19
poweringly,19
regualate,19
ridinig,19
seachinese,19
seeen,19
throwal,19
waitea,19
weening,19
weeningly,19
welmed,19
whelemed,19
whelms,19
whemed,19
whemingly,19
whemlingly,19
zealousness,19
ggks,19
hsips,19
grahed,19
grahps,19
grahs,19
grammetric,19
grammetry,19
grpahers,19
grphy,19
syntheisis,19
voltaic,19
voltaics,19
holers,19
enelektra,19
ehuman,19
eindustry,19
isated,19
ionsals,19
sivists,19
swere,19
folliculitis,19
efunkapus,19
iatist,19
iatrically,19
iclly,19
oanalyst,19
oanalyze,19
oanalyzing,19
ocalisthenics,19
ohistorians,19
okinesis,19
olopharmacology,19
oneuropharmacology,19
opharmacologic,19
opharmacologist,19
osomatic,19
osomatics,19
otronic,19
cationspping,19
spping,19
cawareness,19
cpolicy,19
crelations,19
csector,19
cservice,19
cwants,19
cworks,19
shedan,19
edlu,19
uiop,19
hwana,19
edcross,19
ionor,19
ionproof,19
edoutside,19
gerred,19
fiul,19
nbayan,19
vabis,19
befehl,19
szahl,19
enstaller,19
kulankulam,19
unternehmen,19
sblick,19
goscirk,19
kinoservice,19
neftexport,19
pechat,19
lbau,19
eagled,19
reformchen,19
brokage,19
holms,19
gdrivers,19
lpeter,19
lebeam,19
edfrom,19
annuated,19
annuation,19
casp,19
cheffery,19
chiasmatic,19
cilious,19
ciliously,19
ciliousness,19
fluity,19
fluousness,19
identent,19
ieure,19
indendent,19
intendency,19
intendents,19
jouet,19
markts,19
novae,19
numeraries,19
numerary,19
popwers,19
salesdom,19
scalar,19
seded,19
sedence,19
sedes,19
seding,19
squalo,19
stitions,19
stitious,19
stitiously,19
stitiousness,19
visorial,19
tasan,19
tatalked,19
kaufs,19
eninging,19
thwayte,19
nabulations,19
lectomies,19
idekaphobia,19
idekaphobics,19
ypops,19
eyraud,19
dienste,19
dhatu,19
tchikov,19
ghubsky,19
skroon,19
ssprecher,19
stillstandesverhandlunqen,19
amacallit,19
eddown,19
looville,19
yagorn,19
sforschung,19
swoche,19
filmentscope,19
gclass,19
gtong,19
geophysika,19
ychev,19
flote,19
abuse,18
abused,18
achiever,18
actives,18
advertising,18
ambitious,18
appraised,18
argument,18
articulated,18
attack,18
attention,18
audited,18
balancing,18
ballot,18
banked,18
barrel,18
barrow,18
batch,18
bidder,18
billing,18
billion,18
boiling,18
bolts,18
bombers,18
brewers,18
brews,18
briand,18
brief,18
broad,18
budgeted,18
bugging,18
bulb,18
bulbs,18
burden,18
burdened,18
burdening,18
buttoned,18
buy,18
buys,18
capitalise,18
carried,18
carrier,18
cellular,18
centralised,18
chargers,18
choir,18
cleaner,18
climate,18
climates,18
clouds,18
coach,18
collateralization,18
collateralized,18
coloured,18
colours,18
commit,18
compensate,18
competition,18
complicated,18
computing,18
concentrated,18
concentration,18
concern,18
concerned,18
conductivity,18
conductor,18
conductors,18
confidence,18
consumption,18
convention,18
cooking,18
cooks,18
copier,18
corrected,18
criminalizing,18
crowed,18
curie,18
dealership,18
defendant,18
defendants,18
designed,18
diagnosing,18
digger,18
dimensional,18
directional,18
disciplinary,18
disks,18
distributing,18
diversified,18
dose,18
doses,18
dosing,18
drafting,18
drinking,18
emoting,18
emotional,18
emphasizing,18
emphatic,18
encumbered,18
enforced,18
engine,18
engineered,18
enthusiastic,18
essig,18
estimates,18
estimating,18
evidence,18
excited,18
expansion,18
extend,18
fare,18
feather,18
fellas,18
few,18
fici,18
filmed,18
finisher,18
finishing,18
flew,18
flowering,18
focal,18
fog,18
fortress,18
fowl,18
fridges,18
friendly,18
fulfilled,18
garments,18
generational,18
generous,18
glamorize,18
glazed,18
glazing,18
globulin,18
grows,18
hasty,18
hauled,18
hauls,18
heroes,18
hike,18
hiked,18
hiking,18
hitter,18
hitting,18
hued,18
hult,18
imaginative,18
impose,18
imposed,18
indulgence,18
inflate,18
injection,18
intended,18
intends,18
investments,18
investor,18
jacked,18
jammer,18
jaro,18
khet,18
kiang,18
kinetic,18
kloof,18
kraut,18
kredit,18
lawyers,18
lethal,18
leverage,18
liebe,18
lily,18
liquidity,18
lithography,18
litigious,18
local,18
looked,18
lunar,18
magnets,18
mailers,18
manager,18
managing,18
manning,18
marks,18
matrix,18
measure,18
measures,18
meats,18
medication,18
metalbox,18
mighty,18
millionaire,18
ministry,18
mounds,18
move,18
mover,18
moves,18
natinal,18
natural,18
neuf,18
novas,18
offensive,18
parties,18
patriotic,18
pep,18
pessimism,18
phase,18
phosphates,18
pickers,18
piled,18
piles,18
plough,18
precision,18
prescribing,18
presence,18
pressure,18
pressurization,18
promise,18
pronged,18
proposed,18
prose,18
purchasing,18
purpose,18
reaction,18
recession,18
reforms,18
reliance,18
rendered,18
reproduction,18
ridder,18
salted,18
scheduling,18
schule,18
sease,18
semi,18
sensitized,18
shadowing,18
shadows,18
shaking,18
sharp,18
shattering,18
shere,18
shower,18
skiing,18
skinned,18
sleeved,18
slims,18
soap,18
society,18
soldiers,18
sophisticated,18
soprano,18
specialized,18
specialty,18
spill,18
stayed,18
steaks,18
stepped,18
stick,18
stimulate,18
stimulation,18
strikes,18
stuffed,18
stuffing,18
stv,18
subscription,18
supplies,18
surged,18
swells,18
talented,18
tanker,18
tankers,18
taxes,18
teig,18
television,18
thrown,18
tighten,18
time,18
torn,18
trailer,18
traumatized,18
turning,18
twist,18
utilization,18
utilize,18
valve,18
vanes,18
variant,18
vehicle,18
vendor,18
ventilated,18
vitamin,18
vitamins,18
wade,18
wash,18
weel,18
wild,18
withholding,18
women,18
worried,18
writer,18
xun,18
zeal,18
itrile,18
cinoma,18
juk,18
ablerate,18
uresome,18
instan,18
nischer,18
alyzer,18
alyzers,18
pheles,18
ficialities,18
ficiality,18
fordby,18
shurst,18
forening,18
trophied,18
dhui,18
iities,18
histan,18
ership,18
tiaan,18
lemania,18
edelia,18
lingualism,18
slea,18
ionomics,18
nolgy,18
noloy,18
listers,18
lited,18
eroos,18
eois,18
eoise,18
sdorfer,18
ingit,18
sfirst,18
sforms,18
slines,18
pary,18
plic,18
catin,18
otherapeutic,18
tophillis,18
tenberry,18
tesen,18
tiansen,18
timas,18
tobal,18
tofaro,18
toffel,18
tofferson,18
tofi,18
tophos,18
lianism,18
soor,18
inq,18
izng,18
zbank,18
mitments,18
ityand,18
ervativism,18
feited,18
oslovakia,18
olsovakia,18
solovakia,18
goor,18
edby,18
nesen,18
ocuments,18
plicative,18
enware,18
sdropping,18
omeric,18
chromic,18
rocution,18
thton,18
erprovided,18
joyed,18
izados,18
nicities,18
ionistically,18
citas,18
fluidics,18
ebleau,18
ebleu,18
esees,18
hauf,18
enwalde,18
graphica,18
olatry,18
floras,18
oanalysis,18
skeeper,18
sbeek,18
somnia,18
thermia,18
thyroidism,18
aand,18
opathology,18
otherapies,18
potence,18
alistas,18
mongery,18
teki,18
joch,18
esum,18
itsha,18
swinter,18
jczyk,18
westheim,18
ancias,18
poops,18
cationsa,18
braeu,18
pholes,18
phages,18
sadyk,18
itana,18
opausal,18
itican,18
grafx,18
cesser,18
cessers,18
osocial,18
attam,18
moh,18
farious,18
lateralist,18
plexing,18
tudinous,18
landish,18
ophysiologist,18
wock,18
scient,18
tracs,18
tomie,18
holser,18
whelm,18
whelmed,18
whelmingly,18
fabriek,18
djik,18
sidad,18
eios,18
mrung,18
pheresis,18
otherapist,18
oanalytic,18
opathological,18
idene,18
eplacement,18
ohistory,18
edelic,18
ophrenic,18
apino,18
sede,18
swith,18
torgreklama,18
jacketed,18
encias,18
intendent,18
kauf,18
aliy,18
baatar,18
swunder,18
acharya,17
achieved,17
achieving,17
activist,17
added,17
adjustment,17
aggressive,17
ahip,17
balled,17
bazar,17
beaten,17
bedding,17
bike,17
biological,17
biologists,17
bleu,17
bole,17
bought,17
breadth,17
bucket,17
came,17
campbell,17
capacity,17
centralized,17
chemistry,17
circuit,17
commerce,17
confident,17
copied,17
cows,17
crystal,17
cube,17
damm,17
degradable,17
denominational,17
develop,17
distribution,17
dogging,17
dove,17
drafts,17
dub,17
dubbed,17
emphasize,17
emphasized,17
estimate,17
ethical,17
evaluate,17
expensive,17
exposed,17
feet,17
fiber,17
files,17
films,17
five,17
force,17
franchise,17
friars,17
fridge,17
frog,17
frogs,17
functional,17
gail,17
geared,17
grains,17
gsa,17
gstar,17
hauling,17
hayer,17
heartedly,17
heats,17
holed,17
homan,17
housed,17
important,17
imposing,17
indian,17
infection,17
intelligence,17
involved,17
jumper,17
kampf,17
kelvin,17
layered,17
leveraging,17
lexis,17
lode,17
logica,17
look,17
looking,17
looks,17
machines,17
mailed,17
mailer,17
mailing,17
mainly,17
manufacturing,17
marketings,17
mentor,17
merle,17
message,17
metals,17
navin,17
nights,17
nitrate,17
offering,17
package,17
paque,17
partisan,17
patriot,17
performer,17
picker,17
piling,17
player,17
pliers,17
plot,17
polymer,17
populating,17
praising,17
pressurized,17
privileged,17
promised,17
punch,17
purchase,17
reaches,17
realism,17
reality,17
ridden,17
roger,17
runing,17
sdollars,17
seconds,17
sectional,17
serious,17
shadowed,17
skol,17
sleep,17
slovakia,17
smoot,17
socialist,17
soluble,17
sounding,17
sourcing,17
specified,17
spiel,17
steller,17
stepping,17
stix,17
storming,17
stripping,17
supplied,17
surgery,17
talked,17
tecnica,17
tenor,17
therapist,17
throwing,17
tiered,17
topping,17
troi,17
units,17
vallon,17
vecchia,17
verband,17
viewer,17
visors,17
winner,17
wunder,17
zhuang,17
ista,17
amiento,17
sterase,17
uress,17
sitan,17
icals,17
ntota,17
alyser,17
lytics,17
biotics,17
feiting,17
hapura,17
shiop,17
ndii,17
rometry,17
itanian,17
itatively,17
izh,17
ische,17
mbin,17
baric,17
nighted,17
lateralism,17
laterals,17
hnician,17
nologically,17
rride,17
gdom,17
uggest,17
standers,17
hatchee,17
lii,17
nicity,17
ariello,17
oslovak,17
otheraphy,17
tabel,17
tchurch,17
toffersen,17
toph,17
lateralised,17
stitition,17
feits,17
smanlike,17
kovski,17
olovakia,17
meis,17
enreid,17
neuve,17
erogation,17
ivsion,17
vaganza,17
cidad,17
thport,17
thtown,17
mbardo,17
ewith,17
osum,17
schlaeger,17
sdorp,17
ivray,17
iztion,17
twould,17
nesson,17
tsune,17
gbird,17
gbirds,17
bolised,17
ualistic,17
ioin,17
agui,17
nnesburg,17
moorthy,17
ghorne,17
fluous,17
odrama,17
ndani,17
forme,17
opath,17
opaths,17
eliance,17
rwhelming,17
abc,16
anstalt,16
basement,16
bearing,16
beating,16
beg,16
began,16
beil,16
bladet,16
brau,16
broking,16
budget,16
calculated,16
charger,16
child,16
classification,16
comer,16
committed,16
conduct,16
conducting,16
conservatives,16
contracts,16
cooked,16
coup,16
cress,16
crust,16
cyclical,16
cyclists,16
dealers,16
dense,16
dependence,16
district,16
ees,16
electronic,16
enough,16
estimation,16
financing,16
finch,16
fries,16
frozen,16
function,16
future,16
gaon,16
given,16
grown,16
gyu,16
hast,16
hatta,16
health,16
hears,16
heartedness,16
heide,16
holing,16
jacket,16
jung,16
justice,16
kill,16
lapped,16
laser,16
lawyer,16
legged,16
leveraged,16
litas,16
mache,16
magic,16
marty,16
matched,16
mature,16
mechanical,16
melon,16
modern,16
motions,16
muni,16
nays,16
node,16
ohne,16
ordering,16
ownership,16
packaged,16
payed,16
pays,16
performance,16
performed,16
personal,16
phoned,16
poise,16
polar,16
population,16
porous,16
posa,16
potent,16
pricing,16
produce,16
produced,16
programming,16
rather,16
reaching,16
refined,16
regional,16
regulating,16
represented,16
riden,16
sams,16
scheduled,16
second,16
secret,16
sensor,16
shadow,16
shear,16
slips,16
snot,16
social,16
spend,16
staffed,16
staffing,16
stays,16
stored,16
stride,16
studied,16
subscribed,16
supply,16
swami,16
synthetic,16
systeme,16
tenant,16
tension,16
think,16
thow,16
tigue,16
titles,16
topped,16
trophy,16
two,16
valuing,16
viola,16
voice,16
volume,16
vore,16
waving,16
when,16
wolves,16
wrote,16
zeitung,16
enances,16
iaan,16
viser,16
tids,16
utian,16
utians,16
edto,16
nchor,16
illians,16
nymously,16
osexual,16
tensive,16
ntique,16
phasic,16
ologizing,16
tfully,16
omistic,16
vailability,16
vailing,16
vorn,16
tsev,16
toffer,16
rmanns,16
aceuticals,16
hnologist,16
hnologists,16
itain,16
ermania,16
eroo,16
slau,16
stroom,16
ellosis,16
sfolk,16
vorous,16
neft,16
sbrough,16
nswear,16
tmas,16
topher,16
tenings,16
tlieb,16
plexes,16
cizes,16
huisen,16
eees,16
dovo,16
nedly,16
orying,16
emarks,16
abelli,16
plasia,16
hship,16
heskaya,16
eenfold,16
blems,16
keit,16
scaping,16
omotor,16
icalism,16
oides,16
ghetti,16
calc,16
osphate,16
feger,16
vliet,16
enwerke,16
jectors,16
poulous,16
uszko,16
vtsev,16
sdottir,16
syllabic,16
opharmacology,16
esentatives,16
erburgh,16
eacted,16
iatry,16
stroika,16
iatrist,16
stition,16
abadi,15
activated,15
bancorp,15
bial,15
bidding,15
biologist,15
blind,15
blot,15
brooks,15
capitalised,15
capitalized,15
cassette,15
chaya,15
classified,15
colour,15
companies,15
conference,15
controlled,15
creek,15
critical,15
dependent,15
draft,15
drug,15
eager,15
earning,15
educated,15
erlich,15
estimated,15
feit,15
felde,15
flights,15
focus,15
fume,15
gear,15
glade,15
gramme,15
graphically,15
halter,15
haul,15
hearing,15
heating,15
hog,15
hogs,15
holes,15
hub,15
icus,15
jacks,15
joining,15
karta,15
kite,15
knit,15
koma,15
kumar,15
laden,15
laterally,15
layne,15
level,15
listing,15
logged,15
lur,15
marts,15
masks,15
milch,15
million,15
much,15
offers,15
office,15
oriented,15
picking,15
ponds,15
populated,15
port,15
poster,15
praised,15
print,15
printing,15
production,15
promising,15
quake,15
quote,15
racial,15
reached,15
regulated,15
religious,15
roeder,15
scaled,15
seeing,15
seller,15
sheds,15
sights,15
slovak,15
slow,15
sod,15
spheres,15
strike,15
structures,15
technik,15
thew,15
tight,15
tired,15
towne,15
toys,15
training,15
trains,15
tween,15
unit,15
uristic,15
wrap,15
wrapped,15
itiy,15
ionaly,15
visory,15
otropic,15
dsson,15
gside,15
hizer,15
atrics,15
drecht,15
ntonio,15
oyos,15
tiani,15
qar,15
obabble,15
ophysics,15
izaton,15
skoe,15
sgesellschaft,15
lography,15
nician,15
ndao,15
tiane,15
rishing,15
oplast,15
holer,15
lidge,15
ualist,15
latives,15
cising,15
oslavia,15
pement,15
bolism,15
gnosis,15
czy,15
ugol,15
olamine,15
enstrasse,15
dtown,15
shaus,15
ratne,15
opathic,15
rishment,15
puram,15
nesburg,15
avello,15
coccus,15
bilt,15
caciones,15
adjusted,14
agent,14
anand,14
apak,14
beam,14
beard,14
biel,14
billed,14
built,14
bursts,14
capitalization,14
claim,14
claims,14
courses,14
credited,14
current,14
data,14
deals,14
design,14
drawn,14
emps,14
family,14
firms,14
flop,14
fuel,14
garden,14
growing,14
guay,14
heros,14
image,14
invested,14
jour,14
lapping,14
lashed,14
lords,14
manned,14
mom,14
moving,14
nologies,14
optic,14
optics,14
packs,14
payments,14
peck,14
phobes,14
probe,14
product,14
qualified,14
regulation,14
roses,14
safety,14
saturated,14
sect,14
sexuality,14
silla,14
solution,14
something,14
stay,14
strong,14
sweet,14
taken,14
taki,14
there,14
through,14
throw,14
trees,14
turns,14
valuation,14
vascular,14
vax,14
visor,14
watches,14
watts,14
would,14
encies,14
oried,14
nyms,14
vized,14
ualizing,14
ionately,14
sians,14
nymous,14
ualisation,14
ualize,14
plications,14
ervatives,14
ioso,14
chology,14
itual,14
srat,14
itarians,14
owo,14
sdal,14
ellville,14
iging,14
aceutical,14
smeyer,14
iennes,14
erisation,14
onesque,14
stitutions,14
otropin,14
latively,14
iusz,14
uery,14
iono,14
smaking,14
hnics,14
ieur,14
ensohn,14
niyah,14
tsugu,14
munde,14
iority,14
ionalisation,14
aholic,14
neburg,14
amine,13
brey,13
bridges,13
busting,13
cold,13
company,13
competitive,13
crafts,13
currency,13
dams,13
dang,13
deutsche,13
doing,13
fern,13
fire,13
flora,13
fry,13
generation,13
glas,13
heard,13
idis,13
investment,13
launch,13
loan,13
lodge,13
making,13
miss,13
monger,13
motive,13
nanda,13
oglu,13
organ,13
paying,13
pelt,13
pik,13
planted,13
planting,13
plier,13
poles,13
present,13
quality,13
rajan,13
rishes,13
sake,13
seas,13
sheets,13
south,13
spot,13
spun,13
strained,13
strings,13
struck,13
sucker,13
treat,13
treated,13
treatment,13
trend,13
turned,13
vail,13
value,13
vising,13
voting,13
wax,13
wort,13
nym,13
opoli,13
ovskaya,13
ativa,13
trophic,13
nymity,13
genics,13
ectomies,13
opolous,13
tiano,13
skoye,13
tached,13
itarianism,13
ovici,13
anze,13
etor,13
aese,13
ncel,13
tenson,13
iian,13
tsuya,13
manded,13
gtion,13
ioglu,13
terone,13
ionalise,13
raders,13
aswamy,13
erlies,13
kistan,13
abad,12
acting,12
adder,12
alloy,12
banco,12
bank,12
bill,12
burst,12
cakes,12
ceded,12
cedes,12
chic,12
cly,12
coes,12
counting,12
disc,12
dynamic,12
eaten,12
employment,12
esas,12
fab,12
filling,12
finance,12
flight,12
fos,12
keen,12
known,12
lab,12
laid,12
laps,12
march,12
match,12
orde,12
oshima,12
passes,12
place,12
pointing,12
public,12
pure,12
quip,12
rime,12
rule,12
scam,12
seal,12
shaft,12
shirt,12
sight,12
spoon,12
strum,12
suing,12
technical,12
terra,12
took,12
trapped,12
trim,12
vane,12
wale,12
wolf,12
youn,12
zioni,12
eent,12
mands,12
rgic,12
pharm,12
nesia,12
tepeque,12
tfulness,12
ometry,12
iadis,12
itization,12
graphing,12
nered,12
eeen,12
igans,12
illionaire,12
oactive,12
dback,12
rgill,12
iastic,12
tiana,12
manding,12
cessors,12
cises,12
erites,12
eenth,12
avision,12
poort,12
nesian,12
active,11
angelo,11
balling,11
biology,11
bottom,11
broker,11
cab,11
cede,11
ceding,11
centre,11
craft,11
egon,11
fell,11
glen,11
graphed,11
guns,11
haupt,11
hero,11
ibus,11
itis,11
kuni,11
lado,11
lingual,11
maker,11
maniacs,11
maya,11
mode,11
nathan,11
nong,11
paid,11
payment,11
planes,11
plastic,11
por,11
priced,11
reach,11
riding,11
sag,11
seat,11
selling,11
seri,11
sex,11
spy,11
structure,11
tail,11
their,11
tizes,11
toy,11
voir,11
was,11
uals,11
itism,11
orial,11
itat,11
sgate,11
arola,11
roms,11
ttish,11
erently,11
icers,11
ening,11
cocha,11
erised,11
talis,11
erist,11
tensen,11
erfest,11
obiology,11
ibank,11
uett,11
cessor,11
erweight,11
tomo,11
icizing,11
swamy,11
gdong,11
niyeh,11
arching,10
beer,10
bite,10
business,10
course,10
cup,10
ditch,10
dollar,10
dressed,10
filled,10
firm,10
giving,10
halle,10
hear,10
heart,10
heat,10
human,10
hung,10
iii,10
lateral,10
mart,10
minded,10
minster,10
mother,10
native,10
oxide,10
pile,10
plies,10
rci,10
ripe,10
runs,10
save,10
seen,10
start,10
stated,10
storms,10
stress,10
sued,10
team,10
virus,10
wear,10
write,10
written,10
ovic,10
ishments,10
dyne,10
urism,10
vises,10
sdorf,10
bolic,10
ectomy,10
ervative,10
oscopy,10
koye,10
lol,10
ometric,10
lisers,10
estan,10
gand,10
ovas,10
nhagen,10
iked,10
nological,10
dville,10
mment,10
etia,10
ionalised,10
ionalize,10
grammed,10
yashi,10
icho,10
ovka,10
acted,9
ball,9
bein,9
bond,9
brow,9
clean,9
cook,9
cut,9
hamer,9
hanging,9
leg,9
lege,9
mander,9
plus,9
roux,9
scan,9
schmidt,9
stars,9
tash,9
tene,9
than,9
tomi,9
turn,9
uddin,9
white,9
words,9
zada,9
urous,9
vised,9
plex,9
lments,9
rou,9
esis,9
iasis,9
lains,9
itarian,9
naires,9
smark,9
ildren,9
sdon,9
evision,9
sperson,9
italization,9
ebank,9
rished,9
iatric,9
icities,9
entalist,9
eof,9
ahman,8
ancia,8
awe,8
bahn,8
beat,8
bergen,8
break,8
breaking,8
bred,8
buck,8
cake,8
counts,8
cutting,8
does,8
drew,8
ened,8
flies,8
game,8
graphics,8
held,8
idden,8
khan,8
lap,8
layer,8
marked,8
mile,8
myer,8
only,8
ooo,8
oxy,8
plied,8
plying,8
point,8
rands,8
reading,8
running,8
sold,8
storm,8
style,8
take,8
talk,8
users,8
vise,8
yard,8
ntals,8
dius,8
thwaite,8
ionate,8
gasse,8
orships,8
ophile,8
plication,8
trons,8
eault,8
alizer,8
zkowski,8
erization,8
otherapy,8
cize,8
cizing,8
cash,7
coming,7
control,7
counted,7
field,7
film,7
fins,7
food,7
huan,7
lake,7
lord,7
manns,7
member,7
month,7
nati,7
nuts,7
pour,7
see,7
served,7
shall,7
shop,7
signed,7
thorne,7
tram,7
union,7
were,7
aners,7
tof,7
tity,7
saurus,7
flation,7
nology,7
sess,7
nowicz,7
reans,7
ovo,7
lky,7
itized,7
undi,7
ensis,7
iore,7
iking,7
nologists,7
zella,7
hisa,7
arming,6
caps,6
caster,6
fair,6
falls,6
four,6
goer,6
grain,6
gun,6
hampton,6
haru,6
holder,6
hole,6
holt,6
hut,6
invest,6
iona,6
itan,6
lal,6
lances,6
max,6
mura,6
niere,6
pala,6
sale,6
staff,6
teed,6
till,6
vick,6
witch,6
raded,6
tizing,6
iong,6
urists,6
nises,6
skaya,6
hion,6
homa,6
ograd,6
ikers,6
ssons,6
vians,6
erized,6
emark,6
tities,6
ovan,6
about,5
aion,5
arai,5
cart,5
chemical,5
coats,5
ducts,5
fusion,5
grade,5
green,5
isable,5
laus,5
made,5
people,5
plane,5
role,5
service,5
sheet,5
show,5
truck,5
tsi,5
wein,5
iyeh,5
uating,5
ticians,5
nides,5
nizes,5
tudes,5
otics,5
tlessly,5
atism,5
nologist,5
ovsk,5
wey,5
erboard,5
orily,5
alone,4
band,4
bourn,4
cap,4
eaters,4
faced,4
fast,4
forth,4
going,4
hashi,4
hills,4
home,4
jack,4
lighted,4
loch,4
maid,4
nath,4
news,4
nobu,4
ping,4
reich,4
rode,4
strand,4
thorn,4
sives,4
icized,4
itory,4
ologies,4
ikan,4
ogenic,4
hnology,4
terson,4
vene,4
telle,4
isti,4
heit,4
alises,4
atric,4
after,3
armed,3
belle,3
belt,3
bolt,3
cats,3
cheng,3
due,3
erent,3
fill,3
holding,3
holds,3
lang,3
mitsu,3
offer,3
owners,3
rooms,3
scope,3
share,3
sop,3
stage,3
urist,3
week,3
wei,3
wind,3
word,3
uate,3
icist,3
isan,3
arini,3
dsen,3
ozzi,3
cise,3
scribed,3
erby,3
nants,3
icek,3
nously,3
aways,2
banken,2
berry,2
bone,2
cities,2
della,2
forms,2
ghe,2
hh,2
hus,2
liners,2
lors,2
loy,2
pay,2
ped,2
sohn,2
span,2
text,2
train,2
wright,2
gdon,2
ject,2
ionable,2
itude,2
rnment,2
atio,2
iors,2
itious,2
culation,2
oxin,2
ntrol,2
illian,2
istry,2
alks,2
igated,2
ifiable,2
akin,1
beds,1
cast,1
chester,1
dev,1
did,1
done,1
ellas,1
eons,1
gels,1
gered,1
graphs,1
kina,1
lash,1
liner,1
loo,1
mania,1
nou,1
pass,1
rading,1
singhe,1
speak,1
thorpe,1
tif,1
vest,1
worm,1
cchio,1
ionally,1
rently,1
cized,1
inelli,1
sfeld,1
hiko,1
ermen,1
ksy,1
nach,1
iyah,1
ifier,1
icity,1
zko,1
arone,1
iuk,1
erite,1
ionalism,1
rsk,1
