un,13141
re,10299
in,3938
de,3885
dis,3433
non,2842
over,2695
mis,1925
pre,1666
under,1487
im,1339
inter,1292
sub,1068
bio,966
super,826
micro,751
tele,661
counter,649
multi,597
anti,577
con,560
ir,559
out,550
trans,528
en,518
p,495
semi,489
euro,479
poly,472
mc,425
photo,420
geo,397
di,313
psycho,309
radio,290
electro,282
hydro,275
ex,273
hyper,270
neuro,268
para,267
co,257
mac,236
extra,221
ac,220
aero,202
bi,196
mini,196
post,195
il,189
immuno,186
agri,180
pro,170
ultra,170
video,166
mono,162
neo,162
gold,161
auto,159
mal,156
north,144
wind,141
green,134
fore,131
down,130
hair,129
mid,129
ferro,127
astro,125
ant,121
news,117
ap,116
eco,116
com,113
west,113
homo,111
arch,110
intra,102
water,98
petro,97
back,95
pyro,95
physio,94
cardio,93
after,90
ego,89
data,88
grand,88
home,87
bed,86
south,86
new,85
word,85
thermo,84
tri,80
cosmo,75
ethno,74
motor,73
seismo,73
infra,72
audio,71
side,70
meta,68
stone,68
laser,66
turbo,66
cold,65
rain,65
ship,65
free,64
hand,64
heart,63
hammer,62
life,62
ice,61
snow,61
tran,61
brain,58
info,58
up,58
blom,56
typo,56
litho,56
misrep,56
organo,56
hetero,55
oxy,55
wallen,55
chrono,55
ideo,55
air,54
messer,54
other,54
soder,54
spread,54
cryo,54
socio,54
ahl,53
beau,53
main,53
cyto,53
pitts,52
stereo,52
stock,52
nano,51
techno,51
with,51
hypo,50
light,50
arche,49
black,49
body,49
brom,49
loud,49
macro,49
neu,49
first,48
dela,47
uni,47
battle,46
bean,44
credit,44
omni,44
sports,44
thunder,44
speed,43
sym,43
smoke,42
banc,41
frei,41
glen,41
high,41
kilo,41
plain,41
quint,41
share,41
earth,40
fire,39
melo,39
safe,39
herzen,38
ines,38
kronen,38
schoen,38
stony,38
agro,37
barn,37
hemo,37
opto,37
vanden,37
chemo,37
choreo,37
fluoro,37
megalo,37
yel,37
helio,36
koenigs,36
kuper,36
langen,36
nitro,36
nord,36
satter,36
czecho,36
hexa,36
horti,36
luxem,36
phono,36
resp,36
crash,35
juris,35
metro,35
mittel,35
nour,35
per,35
pseudo,35
atmo,35
myco,35
osteo,35
berg,34
blood,34
edin,34
hoch,34
key,34
kohl,34
malm,34
road,34
wood,34
juxta,34
sado,34
sero,34
abdel,33
girl,33
god,33
soft,33
senti,33
xeno,33
abdul,32
golds,32
hop,32
meth,32
pharma,32
pocket,32
sheep,32
appr,32
holo,32
stras,32
bloom,31
eagle,31
hills,31
papa,31
peters,31
salz,31
shirt,31
eich,30
leap,30
phil,30
proto,30
ambi,30
equi,30
leit,30
copper,29
entre,29
enviro,29
fein,29
hail,29
circum,29
reapp,29
belo,28
bier,28
cran,28
eisen,28
food,28
jack,28
silver,28
trust,28
wake,28
korn,27
manu,27
milli,27
second,27
wester,27
zoo,27
rox,27
brus,26
cable,26
dahl,26
fan,26
karl,26
reis,26
type,26
arm,25
belle,25
lands,25
tech,25
cof,25
clay,24
fitz,24
lake,24
lind,24
op,24
street,24
chri,24
finger,23
theo,23
white,23
wide,23
wing,23
beach,22
flash,22
gian,22
head,22
lieb,22
money,22
health,21
old,21
store,21
butter,20
peter,20
rosen,20
spring,20
abdus,19
afton,19
arens,19
arns,19
ashen,19
bakers,19
beacons,19
bloem,19
bogen,19
carnaud,19
checks,19
constantia,19
donny,19
emam,19
gele,19
haddon,19
hagio,19
informations,19
kallen,19
kings,19
kjell,19
kraai,19
limbo,19
moenchen,19
murray,19
nagorno,19
necker,19
null,19
oceano,19
one,19
onto,19
paarl,19
pier,19
pietro,19
plants,19
platts,19
porno,19
preussen,19
pronto,19
pyscho,19
reams,19
rhone,19
sagawa,19
schenken,19
securities,19
shoe,19
stones,19
stubble,19
sutter,19
treuhand,19
trost,19
umwelt,19
voren,19
waffen,19
waits,19
afro,18
arms,18
aspen,18
auster,18
cancer,18
chipper,18
cien,18
door,18
drought,18
dunkel,18
forty,18
fourth,18
friedrich,18
future,18
goody,18
groot,18
heidel,18
henning,18
hidro,18
hispano,18
hula,18
kredit,18
litch,18
mengel,18
mezzo,18
muir,18
nj,18
nobel,18
olds,18
omega,18
paleo,18
peres,18
ponte,18
pul,18
real,18
richardson,18
robes,18
rocca,18
rutten,18
schloss,18
seiden,18
shana,18
shein,18
sieden,18
sitting,18
speller,18
spencer,18
tatters,18
tetra,18
twenty,18
venus,18
vogels,18
walden,18
whitten,18
wiener,18
aad,18
annen,18
archaeo,18
arterio,18
athero,18
chiro,18
chlorofluoro,18
chlorofluro,18
chromato,18
cinemato,18
claustro,18
counterr,18
dermato,18
doern,18
duren,18
entero,18
epidemio,18
gial,18
glyco,18
grotes,18
gyneco,18
handker,18
hemi,18
hypert,18
konto,18
lauten,18
lensc,18
mael,18
methodo,18
metroc,18
physiothe,18
preter,18
psychothe,18
qab,18
rhizo,18
schilt,18
shof,18
sihl,18
somato,18
stolzen,18
suhr,18
svo,18
tages,18
unrep,18
boling,17
buena,17
carrick,17
cherry,17
danger,17
dhar,17
disney,17
dues,17
eko,17
falken,17
gins,17
gulf,17
harley,17
haupt,17
hertz,17
inflation,17
jed,17
kao,17
kull,17
leeuw,17
lino,17
lucas,17
magneto,17
medio,17
mintz,17
oxen,17
peno,17
porter,17
praise,17
rana,17
roberts,17
roths,17
salmon,17
schaum,17
sella,17
sommer,17
sued,17
third,17
thirty,17
tie,17
vain,17
valley,17
witten,17
yugo,17
afore,17
ague,17
alten,17
augen,17
belz,17
bils,17
byelo,17
chels,17
darm,17
ezz,17
felb,17
ginz,17
khorram,17
klingen,17
lysi,17
nuf,17
nympho,17
unab,17
unself,17
viro,17
wana,17
watten,17
abend,16
agin,16
batten,16
bethan,16
branden,16
breit,16
burgh,16
coca,16
crutch,16
deer,16
demo,16
eb,16
egger,16
em,16
glaze,16
gould,16
hanker,16
hier,16
holy,16
house,16
jaya,16
katzen,16
klee,16
krishna,16
kunst,16
lek,16
loco,16
long,16
mastro,16
nang,16
nether,16
ose,16
oto,16
pizza,16
quote,16
reif,16
sauer,16
schatz,16
sedge,16
shuck,16
stans,16
strand,16
straus,16
unter,16
walter,16
welling,16
wetter,16
when,16
amphi,16
betten,16
birm,16
caris,16
chloro,16
gotts,16
krem,16
massen,16
mastr,16
ritten,16
rudol,16
schnee,16
shur,16
stoff,16
streat,16
tragi,16
voor,16
abou,15
aker,15
aroma,15
bons,15
burch,15
carls,15
chester,15
color,15
ek,15
elc,15
globe,15
government,15
haas,15
hairs,15
hirsh,15
jones,15
koda,15
landes,15
lehr,15
lichten,15
marine,15
metall,15
mortar,15
narco,15
ogle,15
potter,15
purse,15
ravens,15
roden,15
rumor,15
saar,15
schwartz,15
shams,15
spiel,15
strato,15
supra,15
thel,15
thun,15
tops,15
venti,15
weis,15
wether,15
willow,15
zhong,15
acro,15
afo,15
appo,15
ceder,15
fibro,15
higgin,15
izz,15
monu,15
patho,15
ribo,15
rothen,15
schef,15
sjo,15
sonnen,15
thes,15
topo,15
vladi,15
wurt,15
zieg,15
argo,14
breast,14
checker,14
diss,14
dragon,14
easter,14
ec,14
epic,14
flight,14
gains,14
gruen,14
harts,14
hasse,14
hra,14
ideal,14
jib,14
jog,14
kyl,14
leven,14
lough,14
luft,14
mama,14
master,14
mega,14
myo,14
noth,14
pied,14
posti,14
rattle,14
regen,14
rhein,14
temple,14
wahl,14
appa,14
caul,14
disal,14
funda,14
geno,14
grund,14
instru,14
koro,14
kreis,14
lipo,14
mammo,14
schan,14
wik,14
alpha,13
arrow,13
beaver,13
broom,13
by,13
chess,13
clip,13
dash,13
eden,13
elder,13
follow,13
haul,13
hemp,13
hersh,13
hirsch,13
holz,13
punt,13
risk,13
schon,13
sea,13
shire,13
soul,13
speech,13
strom,13
summa,13
swallow,13
teng,13
two,13
agre,13
ambro,13
aren,13
environ,13
giam,13
lowen,13
ror,13
shef,13
sund,13
tup,13
unsea,13
volks,13
apo,12
blum,12
bols,12
carry,12
chalk,12
computer,12
dye,12
ellen,12
engle,12
feld,12
floor,12
franken,12
freed,12
grace,12
harsh,12
heir,12
hell,12
kent,12
koch,12
lady,12
meadow,12
michael,12
morgan,12
pearl,12
pico,12
raven,12
rech,12
rhine,12
rich,12
script,12
self,12
shop,12
silber,12
skate,12
spend,12
stake,12
story,12
ter,12
thal,12
une,12
williams,12
atte,12
centi,12
farn,12
gly,12
intelli,12
sove,12
bitter,11
capo,11
cars,11
cooper,11
endo,11
faint,11
hall,11
heil,11
hook,11
kita,11
lich,11
nara,11
novo,11
ocean,11
petit,11
pound,11
shep,11
sky,11
stem,11
strike,11
tenn,11
trop,11
turk,11
vira,11
whole,11
brum,11
drie,11
dys,11
nors,11
whin,11
ameri,10
anna,10
bay,10
bem,10
bens,10
bund,10
cine,10
des,10
duck,10
goal,10
great,10
grind,10
hare,10
hedge,10
holi,10
indo,10
kick,10
kling,10
lack,10
lans,10
lash,10
last,10
lock,10
lund,10
pepper,10
score,10
slug,10
smith,10
straight,10
sure,10
torre,10
tree,10
tull,10
usa,10
wall,10
ware,10
where,10
young,10
ack,10
clai,10
exo,10
kuma,10
amin,9
arne,9
board,9
brock,9
brush,9
carl,9
catch,9
chain,9
cheese,9
clap,9
cons,9
dump,9
foul,9
ghost,9
herz,9
hild,9
hipp,9
imm,9
jung,9
kirk,9
leather,9
loose,9
moss,9
pod,9
psych,9
rio,9
santo,9
shen,9
silk,9
slip,9
surf,9
tel,9
trail,9
tres,9
view,9
weiss,9
wheat,9
wink,9
mey,9
suf,9
aber,8
aqua,8
bau,8
bole,8
bona,8
bret,8
dream,8
edel,8
engel,8
hors,8
jail,8
lace,8
lear,8
letter,8
lust,8
minc,8
quin,8
rem,8
screen,8
subs,8
trouble,8
wha,8
yellow,8
yon,8
york,8
calli,8
duf,8
ital,8
koz,8
ander,7
bram,7
bread,7
dai,7
deck,7
east,7
eber,7
edge,7
gel,7
helm,7
job,7
klein,7
kwa,7
ld,7
little,7
mine,7
offen,7
quarter,7
ridge,7
sail,7
sales,7
vander,7
warm,7
waste,7
winn,7
carb,7
mond,7
tuf,7
ash,6
bare,6
chad,6
conti,6
crest,6
curt,6
even,6
fact,6
half,6
holm,6
metal,6
nec,6
retro,6
shore,6
spear,6
storm,6
swan,6
switch,6
table,6
una,6
fru,6
myr,6
bev,5
boy,5
carbo,5
center,5
city,5
coal,5
cole,5
copy,5
cup,5
cut,5
eck,5
elm,5
ev,5
fres,5
hag,5
heat,5
herm,5
meg,5
mos,5
ry,5
sex,5
song,5
still,5
tell,5
vor,5
iz,5
polit,5
shige,5
techni,5
abs,4
af,4
cash,4
close,4
dag,4
fors,4
gia,4
grass,4
hof,4
jag,4
jal,4
kron,4
michel,4
moto,4
note,4
oe,4
oil,4
pros,4
rama,4
rang,4
sweat,4
wick,4
scre,4
bela,3
bond,3
brick,3
business,3
cali,3
child,3
das,3
draw,3
front,3
fund,3
get,3
hans,3
heli,3
law,3
mans,3
palm,3
simon,3
stern,3
test,3
thorn,3
work,3
wyn,3
hes,3
rese,3
sug,3
all,2
bam,2
base,2
bene,2
bom,2
bras,2
dock,2
double,2
eng,2
eur,2
fall,2
four,2
full,2
gray,2
hind,2
marsh,2
media,2
milk,2
mit,2
num,2
ober,2
pari,2
patri,2
press,2
rush,2
sport,2
sud,2
arti,2
compu,2
kab,2
lef,2
merri,2
clear,1
fern,1
ker,1
rand,1
