name,score
s,124503
ing,29560
ed,28923
ly,19077
e,11149
y,8921
ion,6930
ers,6288
er,4674
ness,4489
ies,4211
ist,3550
al,3532
able,2785
ic,2661
ism,2542
ity,2460
ce,2022
ors,1925
ation,1881
ment,1758
ive,1610
or,1606
ous,1527
cy,1326
t,1323
ility,1297
ian,1208
ized,1178
ize,939
izing,898
ship,857
ary,856
ised,784
ization,772
ities,657
ve,636
ton,635
ial,623
ia,613
ably,595
ate,528
ful,518
cies,512
ance,507
ily,503
less,473
tes,469
ability,450
zing,435
men,428
zed,423
ise,394
man,393
ville,389
ated,387
ant,386
ising,379
iness,372
isation,371
ible,368
ze,363
ence,351
i,343
shire,342
ating,324
land,295
ov,294
town,292
us,262
zation,251
son,249
esque,238
tions,229
ements,224
ative,213
aire,206
aries,198
osis,195
tely,186
hood,184
ese,182
ivity,178
ologists,165
tically,164
cs,161
ees,161
kers,160
izers,159
ology,158
ator,157
board,155
stone,153
tics,150
ologist,148
ham,145
alists,144
wood,141
ures,136
ure,134
ently,131
ening,126
sburg,123
dt,118
house,118
ption,118
bank,115
izer,115
sen,114
eering,113
age,112
sky,106
weight,104
ward,103
grad,102
th,102
istan,102
bes,101
market,101
fold,100
ionally,99
ened,99
iya,98
gton,96
eurs,95
phic,95
ced,92
cing,91
eur,90
itis,90
dale,89
ova,89
ped,87
tech,85
vision,84
systems,83
watch,82
ency,80
ctic,80
care,79
head,79
life,79
igh,78
ilities,78
sport,77
ugh,77
m,76
side,76
field,75
isition,75
ires,74
ways,73
ium,73
woman,72
long,71
ual,70
owicz,70
phy,69
orships,69
iou,68
maker,68
year,67
ean,67
owski,67
sis,66
some,66
proof,65
ured,64
iring,64
ums,63
ping,62
ista,62
yev,62
ern,62
bird,61
phone,61
um,59
istically,58
phs,57
rth,57
sions,57
botham,56
sensitive,56
alify,56
iastic,56
channel,55
computers,55
works,55
alizes,55
ococcal,55
processing,54
isers,54
smith,53
ired,53
zable,53
state,52
uses,52
iev,52
arians,52
ogenic,52
cessing,51
ew,50
scopic,50
amic,49
hawk,49
vity,49
skaya,49
port,48
stein,48
taking,48
tek,48
etic,48
cized,48
burg,47
source,47
time,47
wear,47
wide,47
lative,46
lment,46
lization,46
omics,46
igated,46
book,45
foot,45
group,45
seed,45
iser,45
orates,45
boro,44
ledge,44
post,44
view,44
aya,43
craft,43
lake,43
arian,43
tious,43
stad,43
bury,42
marks,42
ople,42
power,42
rms,42
oid,42
otti,42
america,41
bed,41
fall,41
making,41
downs,40
trust,40
work,40
ibility,40
aint,40
nburg,40
tially,40
fest,39
inal,39
rk,39
nians,39
polis,39
rket,39
nology,39
adenosine,38
bound,38
extended,38
play,38
quakes,38
uate,38
ified,38
isitive,38
iet,38
sdrop,38
iastically,38
ivocal,38
copoulos,38
oethylene,38
idene,38
neftegaz,38
drive,37
led,37
mann,37
point,37
processor,37
quake,37
rics,37
dyne,37
isitor,37
andr,37
zers,37
vores,37
inarian,37
inarians,37
alification,37
duals,37
ioed,37
agency,36
blocks,36
bottom,36
boy,36
garden,36
john,36
scope,36
sk,36
tower,36
werke,36
ette,36
ropriate,36
tific,36
ykh,36
eutic,36
iciencies,36
iencies,36
iciently,36
anites,36
ococcus,36
isites,36
balanced,35
box,35
computer,35
saver,35
vax,35
world,35
rtered,35
lisers,35
tiana,35
ticize,35
anite,35
tatives,35
charges,34
class,34
glen,34
heated,34
party,34
price,34
service,34
thought,34
ghts,34
stry,34
euser,34
iadis,34
itization,34
nial,34
tiary,34
ksy,34
rtible,34
cizing,34
nmental,34
iatric,34
nesian,34
cessor,34
activity,33
bite,33
cultural,33
dot,33
holdings,33
ntional,33
sme,33
spoon,33
spot,33
spots,33
worms,33
tists,33
thwaite,33
icient,33
ughters,33
abad,32
akis,32
bahn,32
bug,32
charge,32
fast,32
hampton,32
holders,32
jn,32
management,32
taka,32
therapy,32
tsu,32
lege,32
ntist,32
itian,32
aws,32
ationists,32
cize,32
iciency,32
backs,31
based,31
center,31
charged,31
color,31
does,31
ests,31
haus,31
sives,31
shments,31
ived,31
lement,31
icent,31
arov,31
naires,31
orpe,31
tionalist,31
ughter,31
ionalize,31
dh,30
down,30
fine,30
fund,30
rode,30
science,30
ivist,30
urists,30
encies,30
icals,30
shers,30
hnology,30
ionalist,30
sionist,30
block,29
hammer,29
part,29
rested,29
sticks,29
stock,29
urs,29
ya,29
yad,29
irer,29
ivism,29
itably,29
shable,29
asia,28
baum,28
coats,28
copy,28
data,28
ground,28
line,28
step,28
women,28
yards,28
atic,28
arity,28
ety,28
lication,28
tuous,28
ionalism,28
building,27
dome,27
east,27
jima,27
media,27
stage,27
inian,27
rmation,27
lised,27
cracy,27
ibly,27
eered,27
zik,27
czyk,27
awed,26
bing,26
goers,26
cation,26
ylene,26
eously,26
rity,26
opoulos,26
lizes,26
cise,26
ionals,26
child,25
guard,25
hold,25
itos,25
poulos,25
print,25
quest,25
stick,25
cised,25
anization,25
genic,25
rsons,25
lors,25
liness,25
eners,25
oglu,25
active,24
kill,24
scan,24
top,24
ues,24
yard,24
emia,24
gence,24
ckson,24
geable,24
coat,23
eau,23
nut,23
sms,23
tag,23
tom,23
vos,23
dingly,23
pter,23
naire,23
tfully,23
arger,23
inary,23
cic,22
keepers,22
mitted,22
rsion,22
erie,21
fly,21
master,21
neck,21
rmed,21
sement,21
ans,20
cer,20
holm,20
ini,20
ural,20
wise,20
ition,20
cence,20
iak,20
xy,20
eks,20
abundance,19
abundant,19
acting,19
advertising,19
allotment,19
allotments,19
ambition,19
amplified,19
anxious,19
arguments,19
attack,19
attacked,19
attacking,19
attacks,19
bache,19
barreled,19
barty,19
batch,19
billings,19
billion,19
billionaire,19
biological,19
biologist,19
biologists,19
bloem,19
blouses,19
bole,19
boles,19
breweries,19
brigades,19
brokerage,19
brokerages,19
broking,19
brune,19
budget,19
burners,19
buys,19
campbell,19
candidate,19
cap,19
carburos,19
cellular,19
choline,19
circuits,19
clap,19
claps,19
climates,19
clockwise,19
clubs,19
collateralization,19
collateralized,19
collider,19
colliding,19
colours,19
commercialization,19
compensate,19
compensating,19
concentrated,19
concentrates,19
concentration,19
conductive,19
conductivity,19
confidence,19
consumption,19
controller,19
controllers,19
cooling,19
copied,19
copiers,19
copies,19
cops,19
crawlers,19
crowd,19
crowding,19
damp,19
delegate,19
delegates,19
demonstration,19
demonstrations,19
demonstrators,19
diamonds,19
dimensional,19
dose,19
dosed,19
duality,19
dubbed,19
dwelling,19
eagerness,19
effects,19
ehre,19
emphasis,19
emphasizes,19
employer,19
espionage,19
excitability,19
exertion,19
expand,19
expanded,19
exploiting,19
expose,19
exposing,19
exposure,19
extend,19
extending,19
exuberance,19
exuberant,19
faceted,19
fiber,19
fibre,19
fibres,19
filmed,19
filming,19
films,19
finans,19
fischer,19
fished,19
flew,19
flood,19
flowed,19
flowing,19
fog,19
forward,19
forwardness,19
freighters,19
gasser,19
geld,19
general,19
genesys,19
giant,19
gladbach,19
glycol,19
gowns,19
gravity,19
grazing,19
hangs,19
hauled,19
hauls,19
heavyweight,19
heroes,19
highway,19
highways,19
homans,19
hoyos,19
hyped,19
images,19
imposes,19
indebtedness,19
indulged,19
indulgence,19
industry,19
inflations,19
infusion,19
injection,19
insurgency,19
insurgent,19
intelligence,19
intendant,19
intuitive,19
ipos,19
islam,19
janet,19
janis,19
journalism,19
journalist,19
journalists,19
juice,19
kampf,19
kides,19
kinetic,19
kyubin,19
leftist,19
leith,19
liebe,19
lilies,19
link,19
litas,19
lithography,19
logica,19
looked,19
looking,19
machining,19
mailed,19
majority,19
manz,19
mares,19
masks,19
maths,19
measures,19
melons,19
metalbox,19
meteorites,19
microcomputer,19
millionaire,19
millionaires,19
millions,19
minicomputers,19
ministry,19
models,19
monas,19
montage,19
movers,19
murthy,19
nacht,19
nanhai,19
netters,19
noons,19
novas,19
observatory,19
oea,19
offensives,19
oft,19
optimism,19
optimistic,19
organism,19
organisms,19
paks,19
palate,19
pep,19
phenix,19
pickers,19
picture,19
platinum,19
premium,19
pressure,19
producers,19
promoted,19
proposal,19
proposals,19
prose,19
protect,19
protective,19
protesters,19
punching,19
purpose,19
quarries,19
rabies,19
react,19
reacted,19
reacting,19
reaction,19
receptor,19
refractive,19
regionals,19
reliance,19
revolution,19
revolutionaries,19
ribonucleic,19
rightist,19
rightists,19
ruled,19
rules,19
ruling,19
sanctions,19
schnitzel,19
sexed,19
shahr,19
shami,19
shattering,19
shave,19
shaves,19
shower,19
simplification,19
simplified,19
simplify,19
slept,19
snot,19
spiel,19
spill,19
sponge,19
spout,19
spouts,19
stardom,19
staying,19
stimulated,19
stretching,19
stricken,19
subscription,19
subscriptions,19
sunk,19
supplies,19
swarm,19
swart,19
synthesis,19
tactic,19
tasking,19
taxation,19
taxing,19
terrorist,19
threw,19
throwing,19
thrown,19
throws,19
tiered,19
toys,19
tramp,19
vanes,19
ventilate,19
ventilating,19
ventilation,19
vichy,19
violet,19
vitamin,19
vitamins,19
volume,19
wall,19
warhead,19
waved,19
welder,19
westward,19
withal,19
wrought,19
zealous,19
zealously,19
asekara,19
sekera,19
shment,19
teeism,19
eldged,19
ledgements,19
ledgment,19
ledgments,19
afresca,19
aintances,19
escent,19
iesces,19
iror,19
isiton,19
isitons,19
istions,19
ittals,19
irir,19
urousness,19
tiale,19
ghan,19
nerdom,19
nooon,19
tids,19
inoni,19
hnee,19
aipattu,19
erplatz,19
dsson,19
tsitohaina,19
lgist,19
morphism,19
inous,19
ruzabala,19
opric,19
gelsk,19
ptin,19
siades,19
jonois,19
itiarian,19
itan,19
jaini,19
omew,19
eadmaker,19
kher,19
rzia,19
aceutics,19
swerda,19
poool,19
abaisse,19
dhui,19
iptine,19
yptine,19
nstyn,19
kartellamt,19
kriminalamt,19
aell,19
sphones,19
henics,19
abras,19
abrum,19
derg,19
wellan,19
ronics,19
osporins,19
forashley,19
briand,19
amegon,19
pisky,19
imula,19
erols,19
yramine,19
tchurch,19
tendom,19
tiania,19
tianity,19
tianization,19
tianize,19
tianized,19
tiansburg,19
tianson,19
tiansted,19
tmases,19
tmassy,19
tmastime,19
tmasy,19
todoulou,19
toforos,19
tophe,19
tophers,19
tophersen,19
topherson,19
tophillis,19
natians,19
sdales,19
ivisation,19
ioneries,19
istador,19
istadores,19
istadors,19
atoire,19
oraneity,19
sialist,19
sially,19
ativists,19
itlam,19
feiter,19
feiters,19
lographer,19
eberc,19
ecasas,19
narts,19
nauld,19
olovakia,19
oslavakia,19
avakia,19
oslovak,19
oslovakia,19
oslovakian,19
oslovakians,19
ovakians,19
akians,19
oslovaks,19
oslovkia,19
ovkia,19
oslvakia,19
uzhuang,19
tibilty,19
enreid,19
juk,19
phurisation,19
landfunk,19
diaethylsulphide,19
cytidine,19
stilbestrol,19
benzuron,19
ointingly,19
inatorily,19
dzerzhinsk,19
petrovsk,19
ganger,19
schinen,19
sdroppers,19
iastes,19
plasmic,19
oplast,19
ricidad,19
ricidade,19
ricite,19
ricty,19
rocardiogram,19
rocardiograms,19
rochemists,19
rochromic,19
rocomponents,19
rocute,19
rocuted,19
rocuting,19
rocution,19
rocutions,19
roencephalogram,19
rogalvanizing,19
roluminescence,19
rolux,19
rolysis,19
rolyte,19
rolytes,19
rolytic,19
romagnet,19
romagnetic,19
romagnetics,19
romagnetism,19
romagnets,19
romechanical,19
romedics,19
roplated,19
roplaters,19
roplating,19
roshock,19
rosila,19
rosound,19
rowinning,19
otypia,19
izitaetswerk,19
deries,19
opaedia,19
aedia,19
opedia,19
opedias,19
edias,19
iasm,19
iasts,19
eurialism,19
uerial,19
nentalists,19
nmentalists,19
nmentists,19
nmetnal,19
estrianism,19
idistant,19
ilease,19
ilibrating,19
ilink,19
inoxes,19
ipoise,19
ivalant,19
ivalents,19
ivocate,19
ivocated,19
ivocation,19
poietin,19
olamines,19
khleb,19
guisher,19
guishers,19
guishment,19
estrials,19
enstrasse,19
ccanica,19
chaker,19
chhauer,19
tissima,19
kshavn,19
preis,19
hshafen,19
nfurtner,19
skeeper,19
adz,19
oupean,19
elmetti,19
zcoa,19
feger,19
tyar,19
aneum,19
nrader,19
dezes,19
oamericano,19
sthal,19
adter,19
rvilles,19
ulturist,19
ulturists,19
velica,19
esontown,19
othiazide,19
calcemia,19
cholesterolemia,19
alamus,19
ekenund,19
esizes,19
eticals,19
nienced,19
niencing,19
entistas,19
diual,19
dualistic,19
dualists,19
dualized,19
riales,19
riali,19
riebank,19
riebau,19
riels,19
rivaerden,19
rivarden,19
ectuality,19
esimal,19
esimally,19
zae,19
ssysteme,19
itances,19
apreneur,19
tsia,19
aterange,19
quenos,19
icni,19
igative,19
igaton,19
igtion,19
igtions,19
mentbanking,19
ntbanking,19
mentgrade,19
ntgrade,19
ncilables,19
emably,19
emart,19
ovits,19
zebie,19
menwai,19
joch,19
augst,19
slautern,19
naraman,19
aganak,19
estvennaya,19
ipuri,19
bocker,19
kaduwa,19
rmanns,19
sbrueck,19
dinos,19
ntinov,19
ndijke,19
tkasse,19
sztof,19
wousty,19
zowa,19
ncheek,19
irhat,19
ndii,19
heartedness,19
rtedness,19
gshafen,19
ourger,19
ourgers,19
ourgish,19
adenopathy,19
oblastic,19
ivray,19
afelt,19
ladora,19
ladoras,19
lishuat,19
aneans,19
gorje,19
kshee,19
ococcemia,19
diser,19
disers,19
phose,19
phosed,19
phosen,19
phoses,19
phosing,19
phosis,19
prednisolone,19
narodnaya,19
rechensk,19
cosm,19
electronica,19
fiche,19
lithics,19
meteoroid,19
phoretic,19
scopically,19
vitec,19
wavable,19
waveable,19
sbrough,19
pmen,19
ndani,19
lfier,19
osys,19
ebacked,19
itolo,19
itoes,19
iskov,19
elelo,19
pary,19
plexer,19
plexers,19
pronged,19
tudinous,19
ysboro,19
oskeletal,19
watta,19
okarabakh,19
dszky,19
tilova,19
sarilly,19
nomican,19
rhing,19
urhood,19
urhoods,19
badsag,19
enhuyzen,19
poort,19
ingales,19
marish,19
denso,19
inohomo,19
evartovsk,19
tsnetsk,19
behs,19
ionaly,19
flox,19
anaula,19
huisen,19
smaeklarna,19
isationally,19
izaion,19
izationally,19
izaton,19
iztion,19
ophosphate,19
ophosphates,19
ziations,19
innikov,19
bearingly,19
weening,19
whelm,19
whelmingly,19
whelms,19
zealousness,19
njom,19
njon,19
ntcy,19
ropus,19
quoddy,19
xet,19
rianised,19
essios,19
tiaries,19
emeters,19
magoria,19
magorical,19
lphian,19
lphians,19
lpia,19
nulok,19
voltaic,19
voltaics,19
maritzburg,19
skerk,19
oconiosis,19
ocystis,19
binik,19
ridd,19
arizer,19
arlity,19
keepsie,19
dhak,19
cioner,19
cioners,19
tnly,19
terian,19
terianism,19
terians,19
enelektra,19
ticator,19
ticators,19
ctiles,19
ndist,19
ndistic,19
ndists,19
ndized,19
mbin,19
hedelia,19
hedelic,19
edelic,19
hefunkapus,19
efunkapus,19
hiatric,19
hiatrist,19
hiatrists,19
hiatry,19
hmanagement,19
hoactive,19
hoanalysis,19
oanalysis,19
hoanalyst,19
oanalyst,19
hoanalysts,19
oanalysts,19
hoanalytic,19
oanalytic,19
hoanalytical,19
oanalytical,19
hoanalyze,19
oanalyze,19
hobabble,19
obabble,19
hodrama,19
hohistory,19
ohistory,19
hologically,19
hometric,19
hopath,19
hopathic,19
hopathology,19
hopaths,19
hopharmacologist,19
opharmacologist,19
hopharmacology,19
opharmacology,19
hosexual,19
hosocial,19
hosomatic,19
osomatic,19
hosomatics,19
osomatics,19
hotherapeutic,19
hotherapist,19
hotherapists,19
hotherapy,19
hotics,19
hotropic,19
csector,19
cworks,19
ritude,19
puram,19
chement,19
datons,19
butionist,19
butionists,19
stul,19
asau,19
enatives,19
entativeness,19
tativeness,19
iair,19
sibilites,19
sibity,19
iarno,19
adanna,19
ishid,19
amuttu,19
befehl,19
phrenia,19
phrenic,19
phrenics,19
stylis,19
ensteins,19
gationism,19
gationist,19
gationists,19
lhack,19
chral,19
estrants,19
iturs,19
elokov,19
erbakov,19
erbina,19
erbitsky,19
esternev,19
glenko,19
doah,19
sbeyn,19
usavicius,19
uallah,19
sblick,19
tracs,19
ernnet,19
mayd,19
goscirk,19
neftexport,19
rstuart,19
eagled,19
adrons,19
arciapino,19
arials,19
eamishness,19
eegees,19
eezable,19
eezably,19
irmy,19
irrel,19
irreled,19
irreling,19
irrelled,19
irrels,19
irrely,19
kapelle,19
sicherheit,19
dinovic,19
ovka,19
forwardly,19
lebeam,19
rsively,19
rsives,19
noists,19
oxazole,19
amides,19
ylurea,19
iptan,19
vej,19
annuated,19
annuation,19
cilious,19
ficialities,19
fluity,19
ieure,19
intendency,19
intendent,19
intendents,19
novae,19
numeraries,19
quadras,19
scalar,19
sede,19
seded,19
sedes,19
seding,19
stitions,19
stitious,19
stitition,19
visorial,19
revala,19
iuron,19
nicatons,19
endama,19
aminoacridine,19
cannabinol,19
thwayte,19
hbreds,19
hfare,19
hfares,19
ocytopenic,19
hput,19
elvam,19
irapalli,19
hrde,19
lectomies,19
emada,19
hnoservice,19
invali,19
eweeds,19
khamen,19
khamun,19
ynine,19
valla,19
atums,19
llably,19
ivocably,19
dentedly,19
enchable,19
estionably,19
estioningly,19
zability,19
dhatu,19
tchikov,19
ttituari,19
igte,19
nmese,19
skroon,19
econombank,19
ekonobank,19
ekonombank,19
torgreklama,19
eumier,19
ynowicz,19
colourists,19
vliet,19
eblower,19
eblowers,19
eblowing,19
estop,19
esinghe,19
saukee,19
swunder,19
awals,19
farth,19
gmens,19
zemski,19
nstvo,19
ychev,19
iyudh,19
iasiewicz,19
erflote,19
flote,19
bwean,19
bweans,19
ischen,19
stoski,19
achiever,18
achievers,18
achieving,18
agent,18
ambitious,18
ancy,18
angie,18
ankara,18
balances,18
balancing,18
band,18
beard,18
bearing,18
bidder,18
bids,18
billed,18
billing,18
blade,18
blades,18
bolts,18
bought,18
bourne,18
brews,18
broad,18
bulb,18
bulbs,18
burden,18
burdened,18
burdening,18
came,18
capacity,18
caries,18
carrier,18
cautious,18
cento,18
central,18
chargers,18
chip,18
cly,18
coach,18
computing,18
conduct,18
conducting,18
conductor,18
conductors,18
confident,18
conservatives,18
cooled,18
copier,18
corrected,18
criminalizing,18
curie,18
dahl,18
dais,18
defendant,18
dents,18
derry,18
designed,18
disciplinary,18
disks,18
dosing,18
drafting,18
drafts,18
dualism,18
dually,18
economics,18
emphasize,18
emphasized,18
emphasizing,18
enthusiastic,18
esau,18
estimate,18
estimated,18
estimates,18
estimating,18
estimation,18
ethnic,18
ev,18
evaluate,18
excited,18
expansion,18
expensive,18
farb,18
feeding,18
feet,18
few,18
finisher,18
finishers,18
finishing,18
flights,18
fowl,18
friars,18
gaon,18
garments,18
generational,18
generous,18
glamorize,18
gown,18
harvested,18
hauling,18
hela,18
hico,18
holing,18
homan,18
hours,18
ifar,18
image,18
impose,18
imposed,18
inflated,18
inflation,18
jammer,18
karan,18
kraut,18
large,18
laser,18
lawyer,18
layered,18
level,18
leveraging,18
lily,18
look,18
looks,18
mailer,18
mailers,18
mailing,18
managing,18
marketings,18
max,18
measure,18
melon,18
metals,18
million,18
model,18
move,18
moves,18
much,18
nationalist,18
nationalists,18
natural,18
nays,18
netting,18
node,18
offensive,18
offers,18
orthodox,18
painting,18
paque,18
patriotic,18
pau,18
paw,18
phase,18
phosphates,18
picker,18
piled,18
piles,18
piling,18
pliers,18
potent,18
prescribing,18
presence,18
pressurization,18
privileged,18
promise,18
punch,18
raum,18
reality,18
reuter,18
roti,18
safety,18
scheduling,18
scientific,18
seas,18
secret,18
semi,18
sensitivity,18
sexually,18
shadow,18
shadowed,18
shadowing,18
shadows,18
shaking,18
shear,18
shocks,18
skiing,18
skirt,18
skol,18
slims,18
slovakia,18
specialty,18
staffing,18
stay,18
stayed,18
stays,18
steller,18
stimulation,18
stretched,18
stripping,18
stuck,18
stuffed,18
supplied,18
talented,18
tange,18
tanker,18
tankers,18
taxed,18
technik,18
tips,18
torg,18
tracks,18
turning,18
typed,18
valve,18
vehicle,18
vendor,18
ventilated,18
visors,18
watering,18
waving,18
westerly,18
wild,18
withholding,18
woc,18
wolves,18
zeitung,18
zien,18
idjian,18
amiento,18
onitrile,18
cholinesterase,18
inesterase,18
sterase,18
ldged,18
avella,18
ilino,18
lphia,18
lphus,18
nturous,18
amically,18
janian,18
otment,18
otments,18
guously,18
ylline,18
siacs,18
nistically,18
alogic,18
alyzer,18
alyzers,18
siologist,18
siologists,18
siology,18
pheles,18
narivo,18
esterol,18
hotic,18
nagi,18
earence,18
earences,18
oinment,18
rovingly,18
onans,18
ficiality,18
shurst,18
gsburg,18
opithecus,18
dzhan,18
aldino,18
histan,18
baric,18
ycard,18
boim,18
tiaan,18
sparkasse,18
eamish,18
edelia,18
elched,18
ttoms,18
ligerents,18
ivalency,18
nolgy,18
salls,18
dfolded,18
viks,18
ourgeois,18
eois,18
ourgeoise,18
eoise,18
enbush,18
itain,18
amanga,18
khet,18
sweek,18
ctuses,18
eerism,18
vorous,18
reagh,18
rroth,18
osporin,18
hander,18
iddick,18
acterization,18
acterized,18
acterizes,18
otherapeutic,18
tmas,18
topher,18
hatchee,18
tenberry,18
tiane,18
tiansen,18
toffel,18
tofi,18
toph,18
hgoing,18
minson,18
iticorp,18
centi,18
ctivization,18
ivization,18
ctivize,18
ivize,18
ctivized,18
ivized,18
omedy,18
ricial,18
teee,18
ncations,18
sional,18
ionery,18
atorships,18
idator,18
utionality,18
oraneous,18
oraneously,18
niences,18
rtibility,18
ettish,18
feited,18
feiting,18
feits,18
tuitive,18
rywide,18
awfish,18
etbank,18
tanstalt,18
okines,18
ovakian,18
ovaks,18
goor,18
meis,18
ebov,18
ecated,18
efies,18
iyuth,18
emeter,18
ticization,18
hologizing,18
neuve,18
ictated,18
nesen,18
retionary,18
riminatory,18
ilibrium,18
rmediation,18
portional,18
portionate,18
portionately,18
alifies,18
guishable,18
idora,18
butive,18
ievich,18
htsmen,18
enmiller,18
unns,18
enware,18
iast,18
conomou,18
hiou,18
omeric,18
rochemist,18
chromic,18
rosource,18
rotechnical,18
rowatt,18
opaedic,18
aedic,18
opedic,18
joyed,18
enment,18
nmnet,18
epreneur,18
nnment,18
mmatic,18
estrian,18
estrians,18
imark,18
olamine,18
nicity,18
ewith,18
citability,18
estrial,18
osilicon,18
udal,18
ndize,18
atiously,18
ouride,18
uoride,18
bleau,18
kirche,18
hstrasse,18
hauf,18
alogist,18
esys,18
mbardo,18
desses,18
dualist,18
anteed,18
erilla,18
shemi,18
crit,18
philiac,18
sitate,18
sitated,18
sitates,18
geneity,18
geneous,18
hbred,18
enstiel,18
ubashi,18
gbirds,18
disation,18
thermia,18
thyroidism,18
yroidism,18
esized,18
opathology,18
irments,18
potence,18
citate,18
citated,18
citating,18
tistas,18
rialise,18
rialised,18
rialising,18
ectually,18
lligent,18
lligible,18
igational,18
igatory,18
imentos,18
ncilable,18
dgmental,18
bwe,18
aneo,18
vanos,18
terrand,18
atour,18
sbridge,18
svik,18
swinter,18
sdorp,18
znetsk,18
iakos,18
stuhl,18
echowicz,18
hographic,18
ocytic,18
erially,18
rered,18
uesa,18
fluous,18
odrama,18
bership,18
ioma,18
opausal,18
ndizing,18
riden,18
grafx,18
olytics,18
osocial,18
uolo,18
niye,18
chioed,18
essig,18
farious,18
plexing,18
erhuis,18
akaya,18
sistic,18
urliness,18
landish,18
erburgh,18
tebooks,18
chre,18
efins,18
iads,18
scient,18
erveen,18
lmics,18
lmologist,18
eousness,18
lacios,18
lsy,18
rgast,18
suasive,18
hizing,18
fractive,18
otherapist,18
otherapists,18
irelli,18
iatrist,18
iatrists,18
iatry,18
binek,18
sbility,18
sibilty,18
sibily,18
stition,18
tately,18
entational,18
entatives,18
tications,18
opath,18
derma,18
antifiable,18
estionable,18
estioned,18
estioning,18
unicaciones,18
zably,18
enative,18
irement,18
irements,18
stiltskin,18
etakis,18
actorily,18
phonist,18
apino,18
erbak,18
iade,18
oyah,18
yevich,18
aransky,18
adov,18
yevo,18
isticheskaya,18
heskaya,18
eegee,18
smanlike,18
ptase,18
tsugu,18
calc,18
derski,18
haeuser,18
mirov,18
olery,18
aggressive,17
anstalt,17
aviva,17
balled,17
beaten,17
bedding,17
beer,17
bib,17
bike,17
blast,17
bowl,17
breadth,17
brook,17
burner,17
burns,17
bursts,17
buying,17
charger,17
chemistry,17
committed,17
conservative,17
cress,17
currency,17
cyclical,17
degradable,17
denominational,17
dependence,17
dishes,17
district,17
dj,17
drawing,17
drug,17
dual,17
educated,17
electronic,17
exposed,17
feit,17
fridge,17
function,17
functional,17
fx,17
gear,17
geared,17
glade,17
graphically,17
handler,17
hatten,17
hearing,17
hears,17
heating,17
hogs,17
holed,17
hunting,17
imposing,17
jacket,17
jacks,17
kenny,17
kumar,17
laterally,17
lending,17
leveraged,17
load,17
lode,17
marty,17
modern,17
mom,17
moving,17
muir,17
nails,17
nationals,17
nights,17
ointments,17
optic,17
orally,17
pays,17
pile,17
plot,17
polar,17
population,17
pressurized,17
quiet,17
reached,17
reaches,17
regional,17
regulating,17
ridden,17
roeder,17
scheid,17
school,17
second,17
sexuality,17
shade,17
sheds,17
smal,17
spiegel,17
sss,17
staffed,17
stored,17
stretch,17
strike,17
subscribed,17
supply,17
surgery,17
tally,17
taste,17
tenor,17
tension,17
terrorism,17
thau,17
trading,17
typing,17
vaal,17
vanni,17
wark,17
watches,17
waves,17
wax,17
wehr,17
wingers,17
yr,17
zhuang,17
itur,17
tations,17
ledging,17
ctionable,17
cment,17
rtised,17
viser,17
visers,17
visory,17
rospace,17
hast,17
gile,17
ulturally,17
gak,17
ffic,17
carb,17
gom,17
ivalence,17
ivalent,17
ify,17
ysm,17
hetical,17
phasic,17
ologizing,17
cability,17
robation,17
ropriating,17
ropriation,17
ropriations,17
ectual,17
ntinos,17
issement,17
oyos,17
tifically,17
istes,17
simos,17
itatively,17
abbled,17
abbles,17
enbauer,17
efy,17
onias,17
iour,17
elch,17
elching,17
efaction,17
ecz,17
theque,17
lateralism,17
nologies,17
yls,17
tricular,17
cksburg,17
efin,17
hammar,17
rride,17
ellosis,17
spersons,17
iging,17
lsville,17
elmi,17
ensis,17
exin,17
arki,17
chikov,17
hiu,17
ofluorocarbons,17
tenings,17
tiani,17
stof,17
toffersen,17
hosis,17
ceau,17
zance,17
vized,17
ricals,17
niques,17
nsives,17
inement,17
utionally,17
oversial,17
versial,17
nience,17
nient,17
niently,17
surgency,17
surgent,17
telligence,17
tialed,17
edito,17
lography,17
ningham,17
riale,17
rsive,17
arci,17
oders,17
iciences,17
gorio,17
rialisation,17
ecate,17
urisation,17
surization,17
giri,17
ogenes,17
inatory,17
ishy,17
entives,17
rsals,17
htsman,17
ctile,17
ntery,17
ectiveness,17
giously,17
rocom,17
olytic,17
rostatic,17
rosystems,17
animity,17
ifax,17
ipments,17
cksen,17
pasa,17
bitant,17
ionistic,17
sionless,17
quishing,17
estration,17
estered,17
atious,17
ysomething,17
abelli,17
ertner,17
teway,17
awked,17
awking,17
tsbank,17
dess,17
oias,17
vously,17
ogenesis,17
aturian,17
heartedly,17
ermia,17
sitating,17
doxy,17
osexual,17
eslam,17
orato,17
dously,17
gbird,17
ectomies,17
irment,17
rruptible,17
ndented,17
ualists,17
ficance,17
ficantly,17
ceptor,17
igations,17
emable,17
sibile,17
karta,17
nesburg,17
igian,17
haki,17
kuch,17
sdottir,17
oluca,17
hizer,17
rature,17
ksi,17
alanga,17
ingale,17
anean,17
opolous,17
opoli,17
plier,17
erites,17
sarily,17
rtunities,17
hologists,17
enom,17
jevo,17
ikhin,17
panski,17
adjusted,16
aea,16
balance,16
beil,16
biology,16
birth,16
blown,16
bridges,16
broker,16
capitalized,16
cash,16
citation,16
classification,16
cna,16
codes,16
cold,16
colour,16
company,16
conference,16
cooked,16
dented,16
developed,16
development,16
dwa,16
dynamic,16
eager,16
erden,16
fab,16
family,16
fork,16
grown,16
guay,16
guez,16
halter,16
haul,16
hero,16
hog,16
hower,16
huber,16
jda,16
laar,16
laden,16
lader,16
lado,16
lapped,16
liberal,16
like,16
liner,16
lodge,16
maniacs,16
march,16
marche,16
marts,16
matched,16
member,16
noon,16
pads,16
peck,16
perfect,16
pete,16
picking,16
platz,16
praised,16
present,16
pricing,16
produce,16
produced,16
producing,16
production,16
programming,16
promising,16
rabel,16
rajan,16
reaching,16
reader,16
regulated,16
represented,16
riding,16
roughs,16
runs,16
safe,16
seeing,16
shar,16
sheets,16
shirt,16
siac,16
sights,16
silver,16
slee,16
social,16
spend,16
spheres,16
taken,16
through,16
throw,16
tight,16
tip,16
titles,16
trend,16
trophy,16
turns,16
typically,16
udt,16
unit,16
value,16
valued,16
valuing,16
vascular,16
veda,16
vore,16
voting,16
vous,16
wait,16
watts,16
western,16
winger,16
ctors,16
inox,16
nym,16
tivities,16
phia,16
olf,16
otropic,16
rodynamics,16
roperu,16
yeva,16
rochemical,16
aari,16
waz,16
rgic,16
ttees,16
guous,16
trophic,16
ulos,16
guishes,16
guishing,16
morphic,16
tensive,16
bial,16
rehension,16
ropriated,16
auts,16
rener,16
dience,16
oriums,16
tication,16
itarians,16
nomous,16
vailing,16
owo,16
jans,16
abbling,16
elor,16
elene,16
etel,16
ntenary,16
aceutical,16
sexuals,16
esize,16
nart,16
gese,16
eadth,16
eezed,16
nbaugh,16
headedness,16
slike,16
lmic,16
bium,16
noids,16
tographer,16
tographers,16
tographic,16
ifiably,16
adron,16
nswear,16
tensen,16
tof,16
ronically,16
agic,16
nciations,16
plexes,16
icut,16
ervatives,16
ativism,16
ativa,16
spondent,16
rrupted,16
pulos,16
ticise,16
tud,16
ovakia,16
ovak,16
efied,16
flated,16
uery,16
surized,16
urizing,16
gnosis,16
itaries,16
luting,16
irting,16
suaded,16
turbed,16
lenski,16
iecki,16
esne,16
citous,16
ernmost,16
rician,16
owatt,16
hize,16
piegel,16
isite,16
dicial,16
encers,16
ghetti,16
liser,16
ieth,16
dization,16
eweed,16
irted,16
xies,16
sheimer,16
delli,16
iggly,16
phate,16
ocyte,16
lakos,16
idens,16
enze,16
siblity,16
calities,16
encer,16
nides,16
dises,16
dising,16
itia,16
hisa,16
elkov,16
dville,16
bilt,16
hogenic,16
niyah,16
otable,16
erlies,16
oactive,16
alloy,15
ati,15
backed,15
bans,15
bond,15
built,15
business,15
bute,15
cari,15
cassette,15
charging,15
comes,15
cook,15
corp,15
courses,15
current,15
dogs,15
draft,15
draw,15
drawn,15
economic,15
faction,15
finder,15
funk,15
gines,15
glas,15
grates,15
growing,15
heard,15
huis,15
hull,15
hung,15
ibb,15
iec,15
invested,15
investment,15
ios,15
kio,15
ko,15
lapping,15
layne,15
listing,15
logged,15
logging,15
lords,15
lowe,15
maniac,15
marine,15
math,15
mode,15
motive,15
nail,15
ointment,15
pact,15
pah,15
populated,15
productive,15
programmed,15
pure,15
qualified,15
racial,15
reach,15
regulation,15
resting,15
sari,15
saturated,15
score,15
sect,15
sex,15
shock,15
shooting,15
sound,15
south,15
spent,15
strained,15
structure,15
structures,15
suing,15
system,15
tao,15
trains,15
treatment,15
types,15
typical,15
vane,15
visor,15
want,15
web,15
wort,15
ouds,15
emps,15
leged,15
ctively,15
arily,15
mycin,15
itly,15
ncements,15
sments,15
rialist,15
rialists,15
netary,15
andar,15
ateur,15
pharm,15
aise,15
sios,15
philes,15
guish,15
itec,15
ntics,15
rimination,15
wiak,15
earances,15
licable,15
roval,15
vingly,15
afat,15
rielle,15
adero,15
butes,15
buting,15
guring,15
itarianism,15
tograph,15
graphing,15
aphing,15
arely,15
cevic,15
eballs,15
ishly,15
uered,15
stroem,15
igans,15
ipol,15
illat,15
ionaires,15
ographic,15
tfulness,15
remen,15
ciani,15
rhoods,15
mpass,15
houn,15
raro,15
upes,15
alink,15
incy,15
ogens,15
tenson,15
tography,15
canos,15
nati,15
losure,15
litis,15
nication,15
guration,15
idations,15
neity,15
eaky,15
cising,15
ticizing,15
atum,15
urization,15
itize,15
itizing,15
inately,15
retic,15
imento,15
itorial,15
philia,15
itex,15
iare,15
sionism,15
quished,15
adura,15
actory,15
dship,15
hologist,15
asinghe,15
ensohn,15
oscopes,15
tstown,15
riousness,15
iority,15
latable,15
ermost,15
ficant,15
ationalism,15
alid,15
gative,15
tarily,15
uline,15
nits,15
fumi,15
phonic,15
sibilities,15
angelo,14
arise,14
arosa,14
aryan,14
awe,14
bergen,14
bock,14
bred,14
brey,14
builders,14
buster,14
cab,14
cal,14
claim,14
claims,14
clothes,14
club,14
doing,14
electric,14
elmo,14
felder,14
felt,14
fishing,14
flows,14
fontein,14
foods,14
glow,14
growth,14
guns,14
hands,14
held,14
holt,14
human,14
laps,14
maids,14
nation,14
nsi,14
organ,14
paid,14
payments,14
ripe,14
rm,14
rule,14
running,14
sand,14
schmidt,14
shoot,14
simo,14
sonics,14
speed,14
stars,14
stores,14
stroke,14
struck,14
sway,14
thaler,14
thur,14
toy,14
turned,14
type,14
upon,14
valuation,14
wave,14
werk,14
white,14
wold,14
write,14
rted,14
ittal,14
vities,14
nistration,14
urous,14
vising,14
ionately,14
irming,14
essive,14
awal,14
hiko,14
schaft,14
igator,14
igators,14
heimer,14
nais,14
antino,14
arola,14
hians,14
earance,14
ectomy,14
plications,14
ervative,14
entative,14
tiano,14
ficially,14
nitis,14
ssess,14
sess,14
achment,14
butions,14
graphed,14
aphed,14
liary,14
inoff,14
addies,14
xas,14
veld,14
nheimer,14
iggles,14
lingual,14
gual,14
etor,14
stetter,14
fels,14
urly,14
ctus,14
erias,14
ssers,14
arbon,14
iages,14
hpur,14
uett,14
tibles,14
urings,14
manded,14
plicity,14
iferous,14
idating,14
neously,14
nhagen,14
ghlin,14
vakia,14
iries,14
ssens,14
verable,14
arised,14
eken,14
dient,14
aciones,14
ricity,14
heit,14
nburgh,14
yahu,14
ipment,14
pians,14
lizers,14
mmable,14
hened,14
rlands,14
andered,14
beh,14
ntism,14
heses,14
ipal,14
dised,14
dizing,14
rliness,14
hological,14
acci,13
arching,13
arrie,13
asian,13
banc,13
berries,13
bolt,13
bridge,13
brow,13
buck,13
burst,13
cans,13
cato,13
chai,13
dox,13
eh,13
erol,13
filled,13
flight,13
fon,13
goer,13
grated,13
grating,13
hear,13
kuni,13
laid,13
lateral,13
layer,13
listed,13
mai,13
mander,13
mnet,13
myer,13
nagar,13
pal,13
paying,13
payment,13
plies,13
pol,13
politan,13
racy,13
roving,13
said,13
sight,13
spy,13
street,13
sued,13
technical,13
tee,13
took,13
turn,13
vise,13
wis,13
wolf,13
words,13
written,13
ntly,13
dria,13
liate,13
dability,13
arri,13
sberg,13
cester,13
dous,13
nesia,13
lifies,13
bolic,13
iography,13
roms,13
hesis,13
hising,13
hways,13
bution,13
itable,13
ukin,13
orites,13
phing,13
vour,13
ancia,13
istics,13
homa,13
ometric,13
eball,13
athing,13
niks,13
ggart,13
jk,13
dback,13
nological,13
ganj,13
andings,13
sfully,13
awski,13
wey,13
eezes,13
eezing,13
arizing,13
ntors,13
igates,13
lains,13
otherapy,13
haru,13
ocarbons,13
rify,13
hise,13
manding,13
munications,13
ponents,13
ezza,13
torship,13
ntals,13
flationary,13
tials,13
ticized,13
uito,13
urized,13
iggle,13
torate,13
rsal,13
urably,13
ionalise,13
andering,13
iku,13
dsworth,13
kazu,13
bashi,13
entations,13
setts,13
about,12
abra,12
adder,12
arai,12
bic,12
busch,12
city,12
code,12
cutting,12
dim,12
dog,12
dressed,12
ella,12
film,12
fronts,12
goes,12
graphics,12
grate,12
green,12
hanging,12
heat,12
horn,12
hut,12
lances,12
liam,12
lof,12
lord,12
mare,12
mayer,12
minster,12
nics,12
nobu,12
onn,12
oxide,12
pala,12
passes,12
pay,12
pour,12
presses,12
priced,12
qui,12
reading,12
role,12
room,12
sang,12
shares,12
sheet,12
store,12
storm,12
storms,12
takes,12
teed,12
text,12
trade,12
rrence,12
gine,12
anies,12
ledged,12
ophobia,12
rially,12
uras,12
tments,12
urism,12
egating,12
hemicals,12
ultural,12
mands,12
wable,12
lifying,12
phies,12
ointing,12
otics,12
eeze,12
bation,12
ariness,12
ntrol,12
ficial,12
lages,12
entive,12
buted,12
gured,12
kur,12
erages,12
zione,12
esworth,12
abble,12
iological,12
arism,12
iore,12
lth,12
amous,12
sgate,12
diation,12
anch,12
ssons,12
onner,12
tby,12
lizing,12
arize,12
sperson,12
eone,12
ltown,12
idates,12
elyn,12
amie,12
ograd,12
ldren,12
rification,12
enius,12
erships,12
tioner,12
gure,12
utional,12
tously,12
etia,12
ionalised,12
ionalized,12
ionalizing,12
estly,12
vestment,12
mez,12
eenth,12
ibilities,12
midt,12
abouts,12
anee,12
aig,11
bars,11
bein,11
chemical,11
cities,11
cons,11
course,11
ded,11
dery,11
ducts,11
fill,11
hart,11
kawa,11
loo,11
muth,11
nase,11
news,11
offer,11
pied,11
plying,11
roves,11
seen,11
selling,11
shall,11
sie,11
sold,11
union,11
won,11
xx,11
itor,11
ssee,11
ncement,11
vised,11
itron,11
icas,11
liation,11
ikan,11
egated,11
rical,11
sbach,11
sists,11
kyan,11
dras,11
riums,11
eault,11
inus,11
rware,11
akian,11
vison,11
jer,11
azzi,11
dner,11
ourg,11
iard,11
gness,11
llable,11
ksen,11
lizer,11
nach,11
rhood,11
dedness,11
speople,11
inist,11
idate,11
oupe,11
ozzi,11
emark,11
igating,11
ilas,11
ivas,11
osen,11
oia,11
nents,11
riya,11
nagement,11
erite,11
efulness,11
illan,11
atment,11
amines,10
arish,10
breaking,10
cq,10
cycle,10
eaters,10
fare,10
flow,10
food,10
graphic,10
grass,10
hauer,10
jack,10
korn,10
lighted,10
made,10
maine,10
nath,10
nj,10
nori,10
oce,10
oms,10
oxy,10
plane,10
plied,10
pura,10
rands,10
reman,10
rom,10
shima,10
tac,10
truck,10
veen,10
vested,10
water,10
week,10
west,10
worth,10
writing,10
yun,10
atos,10
ivated,10
cism,10
egation,10
onomy,10
vskaya,10
rovich,10
tudes,10
dsen,10
eties,10
plication,10
rrows,10
tlessly,10
cribing,10
atism,10
azine,10
rianism,10
itative,10
reans,10
itsky,10
zko,10
telle,10
athed,10
atted,10
ische,10
eaked,10
cket,10
idden,10
gson,10
sall,10
awks,10
nowicz,10
anville,10
rses,10
wne,10
nstone,10
arization,10
ndu,10
alizations,10
hically,10
inar,10
tational,10
akia,10
amers,10
icka,10
andia,10
derer,10
inned,10
hashi,10
dise,10
tsev,10
after,9
arly,9
belt,9
bid,9
burn,9
culture,9
due,9
esty,9
fusion,9
hand,9
hide,9
hills,9
hour,9
ibs,9
igi,9
jani,9
lap,9
lets,9
maid,9
mobile,9
naga,9
netta,9
nil,9
olle,9
owners,9
pack,9
rax,9
rope,9
see,9
shaw,9
sop,9
sphere,9
suit,9
tents,9
tram,9
uz,9
ware,9
worm,9
writers,9
upt,9
cian,9
iments,9
rately,9
ikh,9
cton,9
ovich,9
kt,9
inity,9
ralists,9
aic,9
inum,9
lify,9
roved,9
apy,9
dants,9
encia,9
itarian,9
psy,9
blity,9
bson,9
novic,9
atto,9
awl,9
ennial,9
owy,9
sfeld,9
idy,9
utin,9
eanu,9
vention,9
ctionist,9
gious,9
rtly,9
szewski,9
raded,9
illen,9
oscope,9
irts,9
anus,8
arne,8
base,8
can,8
cover,8
crest,8
cta,8
dai,8
dent,8
dom,8
fords,8
hausen,8
hong,8
horse,8
ids,8
lash,8
mun,8
nata,8
rak,8
rally,8
signed,8
tax,8
tended,8
tina,8
wire,8
writer,8
yuki,8
uating,8
ssion,8
ctives,8
tionality,8
urers,8
isan,8
gaard,8
inelli,8
iad,8
rz,8
uler,8
ointed,8
yingly,8
oints,8
mously,8
arium,8
rlo,8
urian,8
cists,8
chment,8
chmann,8
atting,8
mpe,8
anga,8
igation,8
illian,8
ssary,8
gration,8
idation,8
alling,7
bah,7
bari,7
cin,7
come,7
coming,7
done,7
edged,7
eso,7
folk,7
going,7
ij,7
mail,7
mill,7
moto,7
nite,7
pass,7
people,7
pid,7
pro,7
rides,7
riz,7
screen,7
sun,7
ten,7
udo,7
urist,7
vir,7
will,7
ntions,7
entally,7
hos,7
opol,7
teness,7
ionality,7
dable,7
inho,7
ulture,7
rakis,7
nators,7
onia,7
lians,7
hology,7
itical,7
ealed,7
rading,7
rero,7
iences,7
alks,7
rades,7
sheim,7
nsen,7
dders,7
ologic,7
ipped,7
aite,7
ralized,7
ifiable,7
fiable,7
rified,7
entially,7
idated,7
nalization,7
itary,7
nowski,7
hera,7
oters,7
anding,6
cars,6
cis,6
della,6
etta,6
feld,6
graphs,6
gro,6
hian,6
hout,6
kopf,6
lite,6
mire,6
most,6
naro,6
night,6
nina,6
riel,6
sohn,6
stand,6
tables,6
thin,6
wind,6
word,6
zine,6
inia,6
ntally,6
xis,6
nesses,6
lnick,6
coa,6
anism,6
ograms,6
ologically,6
eces,6
tines,6
itic,6
hics,6
ntor,6
iem,6
ddies,6
atters,6
eakers,6
rgers,6
iros,6
ralism,6
ographer,6
enet,6
ampton,6
enly,6
unn,6
arelli,6
arized,6
cter,6
aways,6
dren,6
awing,6
encing,6
uters,6
neous,6
lises,6
rsh,6
blin,5
bol,5
call,5
dum,5
eaker,5
eons,5
esters,5
force,5
gui,5
hof,5
laine,5
mad,5
mart,5
mas,5
pool,5
rae,5
stat,5
tna,5
track,5
ullah,5
uti,5
nments,5
gment,5
dations,5
tique,5
ght,5
etary,5
iry,5
oted,5
nator,5
uous,5
inov,5
lified,5
osity,5
gnon,5
nties,5
ardt,5
ggles,5
grapher,5
awk,5
zewski,5
dez,4
did,4
ealing,4
formed,4
fort,4
gest,4
grave,4
holes,4
iles,4
jet,4
khin,4
laying,4
moor,4
rito,4
sack,4
saw,4
slow,4
tres,4
tung,4
yang,4
uated,4
einer,4
sitions,4
alty,4
tages,4
nities,4
nisation,4
egate,4
nsson,4
sdorf,4
mery,4
mmed,4
nistic,4
ogies,4
matics,4
quez,4
sby,4
aphs,4
tand,4
rsville,4
ulous,4
eider,4
naries,4
ference,4
mpel,4
ache,3
aged,3
atti,3
borne,3
bro,3
emi,3
eros,3
fat,3
gian,3
kia,3
lary,3
lou,3
mand,3
mid,3
mil,3
oes,3
owl,3
place,3
rias,3
roth,3
stern,3
tries,3
yan,3
zas,3
ctor,3
ilty,3
bilities,3
ometer,3
vate,3
vated,3
ique,3
lized,3
pian,3
iden,3
nak,3
escu,3
ular,3
rnet,3
omers,3
hical,3
uers,3
uen,3
nns,3
ensky,3
igate,3
liest,3
enced,3
kiewicz,3
ammed,2
arden,2
combe,2
each,2
face,2
fire,2
front,2
hara,2
heim,2
hino,2
iola,2
kovic,2
lage,2
lays,2
lich,2
nitz,2
rials,2
sets,2
star,2
swell,2
tail,2
nment,2
bility,2
cion,2
aths,2
nise,2
nship,2
ntas,2
sians,2
skas,2
czak,2
ewski,2
novich,2
rden,2
rwood,2
nalism,2
glio,2
rek,2
rders,2
iven,2
uffs,2
osky,2
idal,2
lising,2
urable,2
orio,2
anin,1
body,1
days,1
det,1
fan,1
hang,1
je,1
meters,1
ph,1
rls,1
rps,1
sol,1
stream,1
sue,1
take,1
til,1
uh,1
icates,1
lities,1
tura,1
tants,1
idity,1
omas,1
ctivity,1
zawa,1
hty,1
plex,1
hness,1
nnel,1
lons,1
lzer,1
arer,1
eaks,1
chuk,1
eens,1
olla,1
zek,1
oga,1
iffe,1
rsing,1
riously,1
